"Ticket";"Symbol";"Type";"Open time";"Open price";"Size";"Close time";"Close price";"Profit/Loss";"Balance";"Sample type";"Close type";"MAE ($)";"MFE ($)";"Time in trade";"Comment"
"1";"NAS100_DukasM1_Infinox";"Buy";"2012.05.29 17:18:00";"2562.48";"1.81";"2012.05.29 19:01:00";"2540.20";"-40.33";"9959.67";"IS";"TrailingStop";"-40.33";"14.88";"1h 43m";""
"2";"NAS100_DukasM1_Infinox";"Buy";"2012.06.06 17:01:00";"2526.34";"2.02";"2012.06.07 17:46:00";"2547.81";"42.24";"10001.91";"IS";"TrailingStop";"-8.04";"88.50";"1d 0h 45m";""
"3";"NAS100_DukasM1_Infinox";"Buy";"2012.06.18 17:04:00";"2579.04";"2.29";"2012.06.20 19:25:00";"2611.11";"70.82";"10072.72";"IS";"TrailingStop";"-8.72";"118.67";"2d 2h 21m";""
"4";"NAS100_DukasM1_Infinox";"Buy";"2012.06.29 16:30:00";"2583.47";"2.38";"2012.07.06 19:49:00";"2602.69";"36.18";"10108.90";"IS";"TrailingStop";"-13.21";"182.76";"7d 3h 19m";""
"5";"NAS100_DukasM1_Infinox";"Buy";"2012.07.18 19:11:00";"2630.03";"2.17";"2012.07.20 17:44:00";"2635.32";"8.94";"10117.85";"IS";"TrailingStop";"-29.69";"71.81";"1d 22h 33m";""
"6";"NAS100_DukasM1_Infinox";"Buy";"2012.07.27 18:04:00";"2619.09";"2.18";"2012.07.30 18:23:00";"2637.79";"36.96";"10154.81";"IS";"TrailingStop";"-8.46";"94.90";"3d 0h 19m";""
"7";"NAS100_DukasM1_Infinox";"Buy";"2012.10.16 16:51:00";"2750.81";"2.66";"2012.10.17 16:35:00";"2759.91";"22.58";"10177.39";"IS";"TrailingStop";"-6.33";"80.33";"23h 44m";""
"8";"NAS100_DukasM1_Infinox";"Buy";"2012.10.17 17:03:00";"2781.01";"2.69";"2012.10.18 16:42:00";"2764.86";"-45.11";"10132.28";"IS";"TrailingStop";"-43.44";"10.22";"23h 39m";""
"9";"NAS100_DukasM1_Infinox";"Buy";"2012.11.01 16:17:00";"2679.81";"2.41";"2012.11.02 17:47:00";"2682.22";"4.37";"10136.65";"IS";"TrailingStop";"-2.41";"53.26";"1d 1h 30m";""
"10";"NAS100_DukasM1_Infinox";"Buy";"2012.11.19 17:45:00";"2578.70";"2.0";"2012.11.20 20:27:00";"2574.29";"-9.97";"10126.69";"IS";"TrailingStop";"-8.82";"39.46";"1d 2h 42m";""
"11";"NAS100_DukasM1_Infinox";"Buy";"2012.11.21 16:32:00";"2598.43";"2.25";"2012.11.27 17:24:00";"2636.84";"78.63";"10205.31";"IS";"TrailingStop";"-23.76";"129.31";"6d 0h 52m";""
"12";"NAS100_DukasM1_Infinox";"Buy";"2012.11.27 18:53:00";"2655.90";"3.01";"2012.11.27 21:48:00";"2640.65";"-45.90";"10159.41";"IS";"TrailingStop";"-45.90";"10.38";"2h 55m";""
"13";"NAS100_DukasM1_Infinox";"Buy";"2012.11.28 20:39:00";"2659.35";"2.91";"2012.12.03 17:55:00";"2680.67";"53.44";"10212.85";"IS";"TrailingStop";"-26.86";"115.03";"4d 21h 16m";""
"14";"NAS100_DukasM1_Infinox";"Buy";"2012.12.11 16:35:00";"2671.57";"2.51";"2012.12.12 18:59:00";"2674.93";"6.94";"10219.80";"IS";"TrailingStop";"-2.46";"62.02";"1d 2h 24m";""
"15";"NAS100_DukasM1_Infinox";"Buy";"2012.12.18 17:49:00";"2688.44";"2.48";"2012.12.19 22:52:00";"2690.96";"4.77";"10224.56";"IS";"TrailingStop";"-6.47";"61.88";"1d 5h 3m";""
"16";"NAS100_DukasM1_Infinox";"Buy";"2012.12.31 21:59:00";"2663.56";"2.56";"2013.01.03 22:32:00";"2725.23";"153.33";"10377.89";"IS";"TrailingStop";"-38.02";"223.39";"3d 0h 33m";""
"17";"NAS100_DukasM1_Infinox";"Buy";"2013.05.22 18:00:00";"3030.13";"3.21";"2013.05.22 18:00:00";"3028.33";"-5.77";"10372.13";"IS";"Exit Signal";"-5.77";"0.00";"0s";""
"18";"NAS100_DukasM1_Infinox";"Buy";"2013.06.17 17:01:00";"2978.10";"3.36";"2013.06.17 21:25:00";"2973.42";"-15.73";"10356.40";"IS";"TrailingStop";"-15.72";"32.16";"4h 24m";""
"19";"NAS100_DukasM1_Infinox";"Buy";"2013.06.25 16:23:00";"2877.81";"2.18";"2013.06.27 21:10:00";"2904.46";"55.31";"10411.71";"IS";"TrailingStop";"-59.82";"99.92";"2d 4h 47m";""
"20";"NAS100_DukasM1_Infinox";"Buy";"2013.06.28 21:07:00";"2923.65";"3.74";"2013.07.01 21:20:00";"2929.04";"12.87";"10424.58";"IS";"TrailingStop";"-95.61";"100.18";"3d 0h 13m";""
"21";"NAS100_DukasM1_Infinox";"Buy";"2013.07.03 18:56:00";"2945.19";"3.42";"2013.07.05 15:02:00";"2962.99";"56.40";"10480.98";"IS";"TrailingStop";"-21.90";"97.13";"1d 20h 6m";""
"22";"NAS100_DukasM1_Infinox";"Buy";"2013.08.19 16:53:00";"3089.84";"3.64";"2013.08.19 19:00:00";"3092.10";"8.23";"10489.20";"IS";"Exit Signal";"-17.49";"39.40";"2h 7m";""
"23";"NAS100_DukasM1_Infinox";"Buy";"2013.08.21 21:41:00";"3096.85";"4.09";"2013.08.21 22:56:00";"3071.62";"-103.19";"10386.01";"IS";"SL";"-103.19";"4.77";"1h 15m";""
"24";"NAS100_DukasM1_Infinox";"Buy";"2013.08.22 17:18:00";"3098.02";"3.08";"2013.08.22 19:54:00";"3084.46";"-41.77";"10344.25";"IS";"TrailingStop";"-41.76";"15.66";"2h 36m";""
"25";"NAS100_DukasM1_Infinox";"Buy";"2013.08.29 14:41:00";"3084.60";"3.46";"2013.08.29 20:54:00";"3093.32";"30.17";"10374.42";"IS";"TrailingStop";"-60.87";"84.04";"6h 13m";""
"26";"NAS100_DukasM1_Infinox";"Buy";"2013.09.02 10:41:00";"3105.04";"3.19";"2013.09.03 11:51:00";"3099.55";"-19.71";"10354.71";"IS";"TrailingStop";"-17.51";"25.07";"1d 1h 10m";""
"27";"NAS100_DukasM1_Infinox";"Buy";"2013.09.04 17:11:00";"3112.41";"3.34";"2013.09.06 03:58:00";"3121.43";"25.51";"10380.22";"IS";"TrailingStop";"-4.69";"80.93";"1d 10h 47m";""
"28";"NAS100_DukasM1_Infinox";"Buy";"2013.10.15 10:27:00";"3257.01";"2.2";"2013.10.22 23:21:00";"3365.16";"225.19";"10605.41";"IS";"TrailingStop";"-27.19";"280.13";"7d 12h 54m";""
"29";"NAS100_DukasM1_Infinox";"Buy";"2013.11.13 20:34:00";"3389.87";"2.97";"2013.11.14 16:30:00";"3391.42";"2.37";"10607.77";"IS";"TrailingStop";"-13.65";"57.05";"19h 56m";""
"30";"NAS100_DukasM1_Infinox";"Buy";"2013.11.21 20:51:00";"3397.68";"3.38";"2013.11.25 11:27:00";"3421.76";"71.18";"10678.96";"IS";"TrailingStop";"-8.91";"124.64";"3d 14h 36m";""
"31";"NAS100_DukasM1_Infinox";"Buy";"2013.12.16 16:33:00";"3477.65";"3.71";"2013.12.16 17:00:00";"3490.68";"48.34";"10727.30";"IS";"Exit Signal";"-8.51";"58.18";"27m 0s";""
"32";"NAS100_DukasM1_Infinox";"Buy";"2013.12.18 21:37:00";"3482.30";"4.12";"2013.12.19 15:56:00";"3494.37";"46.54";"10773.84";"IS";"TrailingStop";"-30.10";"137.90";"18h 19m";""
"33";"NAS100_DukasM1_Infinox";"Buy";"2014.01.07 16:58:00";"3551.02";"3.53";"2014.01.08 03:00:00";"3550.24";"-5.54";"10768.30";"IS";"Exit Signal";"-16.99";"41.63";"10h 2m";""
"34";"NAS100_DukasM1_Infinox";"Buy";"2014.01.14 19:23:00";"3572.31";"3.0";"2014.01.15 23:02:00";"3601.72";"83.47";"10851.76";"IS";"TrailingStop";"-9.75";"129.68";"1d 3h 39m";""
"35";"NAS100_DukasM1_Infinox";"Buy";"2014.02.07 18:32:00";"3533.39";"1.8";"2014.02.12 17:36:00";"3623.10";"154.41";"11006.18";"IS";"TrailingStop";"-5.19";"186.31";"4d 23h 4m";""
"36";"NAS100_DukasM1_Infinox";"Buy";"2014.03.04 19:19:00";"3722.32";"2.02";"2014.03.06 20:29:00";"3723.88";"-0.19";"11005.99";"IS";"TrailingStop";"-31.25";"29.90";"2d 1h 10m";""
"37";"NAS100_DukasM1_Infinox";"Buy";"2014.03.17 15:38:00";"3659.67";"2.48";"2014.03.18 10:12:00";"3651.47";"-22.35";"10983.63";"IS";"TrailingStop";"-20.34";"46.88";"18h 34m";""
"38";"NAS100_DukasM1_Infinox";"Buy";"2014.03.18 15:39:00";"3678.57";"3.48";"2014.03.18 17:00:00";"3689.06";"36.51";"11020.14";"IS";"Exit Signal";"-31.36";"59.13";"1h 21m";""
"39";"NAS100_DukasM1_Infinox";"Buy";"2014.03.21 10:45:00";"3711.15";"3.11";"2014.03.21 16:06:00";"3678.25";"-102.32";"10917.82";"IS";"SL";"-102.32";"25.42";"5h 21m";""
"40";"NAS100_DukasM1_Infinox";"Buy";"2014.03.28 15:42:00";"3593.19";"2.25";"2014.03.28 19:11:00";"3586.47";"-15.12";"10902.70";"IS";"TrailingStop";"-15.12";"34.56";"3h 29m";""
"41";"NAS100_DukasM1_Infinox";"Buy";"2014.03.31 16:33:00";"3608.55";"2.46";"2014.03.31 20:56:00";"3593.44";"-37.17";"10865.53";"IS";"TrailingStop";"-39.29";"24.96";"4h 23m";""
"42";"NAS100_DukasM1_Infinox";"Buy";"2014.04.01 16:31:00";"3618.70";"2.89";"2014.04.02 17:12:00";"3652.98";"96.75";"10962.27";"IS";"TrailingStop";"-8.45";"162.34";"1d 0h 41m";""
"43";"NAS100_DukasM1_Infinox";"Buy";"2014.04.09 11:21:00";"3543.83";"2.34";"2014.04.10 12:26:00";"3588.44";"102.54";"11064.82";"IS";"TrailingStop";"-7.79";"147.41";"1d 1h 5m";""
"44";"NAS100_DukasM1_Infinox";"Buy";"2014.04.15 15:29:00";"3493.15";"1.94";"2014.04.15 17:14:00";"3473.47";"-38.18";"11026.64";"IS";"TrailingStop";"-38.18";"24.70";"1h 45m";""
"45";"NAS100_DukasM1_Infinox";"Buy";"2014.04.16 04:31:00";"3508.70";"1.64";"2014.04.16 16:50:00";"3497.66";"-18.11";"11008.53";"IS";"TrailingStop";"-18.11";"19.68";"12h 19m";""
"46";"NAS100_DukasM1_Infinox";"Buy";"2014.04.17 16:41:00";"3531.39";"1.9";"2014.04.21 17:35:00";"3527.75";"-12.88";"10995.65";"IS";"TrailingStop";"-41.95";"43.50";"4d 0h 54m";""
"47";"NAS100_DukasM1_Infinox";"Buy";"2014.04.21 20:17:00";"3554.29";"3.0";"2014.04.23 16:35:00";"3579.00";"69.39";"11065.04";"IS";"TrailingStop";"-14.78";"125.69";"1d 20h 18m";""
"48";"NAS100_DukasM1_Infinox";"Buy";"2014.04.29 19:21:00";"3569.80";"1.99";"2014.04.30 08:50:00";"3555.02";"-30.99";"11034.05";"IS";"TrailingStop";"-29.41";"16.91";"13h 29m";""
"49";"NAS100_DukasM1_Infinox";"Buy";"2014.04.30 20:09:00";"3578.30";"3.42";"2014.05.01 16:34:00";"3578.58";"-1.76";"11032.29";"IS";"TrailingStop";"-42.68";"50.90";"20h 25m";""
"50";"NAS100_DukasM1_Infinox";"Buy";"2014.05.08 17:15:00";"3573.06";"2.27";"2014.05.08 20:21:00";"3559.15";"-31.58";"11000.71";"IS";"TrailingStop";"-31.58";"23.62";"3h 6m";""
"51";"NAS100_DukasM1_Infinox";"Buy";"2014.05.12 08:04:00";"3561.70";"2.4";"2014.05.13 16:37:00";"3605.58";"103.41";"11104.13";"IS";"TrailingStop";"-12.42";"135.92";"1d 8h 33m";""
"52";"NAS100_DukasM1_Infinox";"Buy";"2014.05.19 16:40:00";"3591.57";"3.4";"2014.05.20 16:35:00";"3605.41";"44.34";"11148.47";"IS";"TrailingStop";"-21.85";"103.07";"23h 55m";""
"53";"NAS100_DukasM1_Infinox";"Buy";"2014.07.10 20:40:00";"3895.21";"3.5";"2014.07.15 13:33:00";"3922.21";"79.35";"11227.82";"IS";"TrailingStop";"-82.05";"145.19";"4d 16h 53m";""
"54";"NAS100_DukasM1_Infinox";"Buy";"2014.07.18 21:13:00";"3933.15";"2.44";"2014.07.21 17:09:00";"3922.82";"-31.60";"11196.22";"IS";"TrailingStop";"-25.21";"20.77";"2d 19h 56m";""
"55";"NAS100_DukasM1_Infinox";"Buy";"2014.08.11 10:41:00";"3888.87";"2.36";"2014.08.12 14:51:00";"3907.63";"42.23";"11238.45";"IS";"TrailingStop";"-4.82";"73.87";"1d 4h 10m";""
"56";"NAS100_DukasM1_Infinox";"Buy";"2014.08.13 10:09:00";"3920.17";"3.64";"2014.08.15 17:46:00";"3979.45";"209.44";"11447.89";"IS";"TrailingStop";"-12.72";"277.13";"2d 7h 37m";""
"57";"NAS100_DukasM1_Infinox";"Buy";"2014.09.17 21:12:00";"4075.78";"3.06";"2014.09.17 22:00:00";"4081.53";"17.59";"11465.48";"IS";"Exit Signal";"-18.30";"24.76";"48m 0s";""
"58";"NAS100_DukasM1_Infinox";"Buy";"2014.09.24 18:10:00";"4068.33";"2.69";"2014.09.25 15:48:00";"4079.84";"28.53";"11494.01";"IS";"TrailingStop";"-9.89";"74.12";"21h 38m";""
"59";"NAS100_DukasM1_Infinox";"Buy";"2014.09.29 04:43:00";"4057.83";"2.5";"2014.09.29 15:51:00";"4017.08";"-101.87";"11392.14";"IS";"SL";"-101.88";"1.83";"11h 8m";""
"60";"NAS100_DukasM1_Infinox";"Buy";"2014.09.30 12:10:00";"4058.56";"2.2";"2014.09.30 16:35:00";"4049.58";"-19.76";"11372.38";"IS";"TrailingStop";"-19.76";"23.84";"4h 25m";""
"61";"NAS100_DukasM1_Infinox";"Buy";"2014.10.03 08:56:00";"4000.00";"2.2";"2014.10.06 17:49:00";"4024.07";"47.09";"11419.47";"IS";"TrailingStop";"-13.45";"101.99";"3d 8h 53m";""
"62";"NAS100_DukasM1_Infinox";"Buy";"2014.10.08 21:20:00";"4016.15";"2.4";"2014.10.09 14:39:00";"4031.37";"34.39";"11453.86";"IS";"TrailingStop";"-10.32";"90.77";"17h 19m";""
"63";"NAS100_DukasM1_Infinox";"Buy";"2014.10.17 11:17:00";"3793.35";"1.08";"2014.10.17 21:08:00";"3800.93";"8.19";"11462.04";"IS";"TrailingStop";"-6.62";"58.79";"9h 51m";""
"64";"NAS100_DukasM1_Infinox";"Buy";"2014.10.20 19:10:00";"3847.78";"1.28";"2014.10.21 09:31:00";"3854.55";"7.57";"11469.62";"IS";"TrailingStop";"-15.73";"54.93";"14h 21m";""
"65";"NAS100_DukasM1_Infinox";"Buy";"2014.10.21 12:42:00";"3890.70";"1.87";"2014.10.22 16:37:00";"3961.45";"130.69";"11600.30";"IS";"TrailingStop";"-3.75";"187.34";"1d 3h 55m";""
"66";"NAS100_DukasM1_Infinox";"Buy";"2014.12.11 18:40:00";"4296.03";"2.1";"2014.12.11 19:00:00";"4293.37";"-5.59";"11594.72";"IS";"Exit Signal";"-14.72";"0.01";"20m 0s";""
"67";"NAS100_DukasM1_Infinox";"Buy";"2014.12.18 09:35:00";"4174.69";"1.4";"2014.12.19 16:10:00";"4270.31";"132.57";"11727.29";"IS";"TrailingStop";"-5.62";"175.36";"1d 6h 35m";""
"68";"NAS100_DukasM1_Infinox";"Buy";"2015.01.08 03:15:00";"4165.98";"1.83";"2015.01.09 16:56:00";"4230.75";"116.83";"11844.12";"IS";"TrailingStop";"-4.00";"168.40";"1d 13h 41m";""
"69";"NAS100_DukasM1_Infinox";"Buy";"2015.01.13 16:40:00";"4233.00";"1.87";"2015.01.13 19:23:00";"4221.94";"-20.68";"11823.44";"IS";"TrailingStop";"-20.68";"39.25";"2h 43m";""
"70";"NAS100_DukasM1_Infinox";"Buy";"2015.01.15 07:36:00";"4174.98";"1.36";"2015.01.15 11:39:00";"4161.11";"-18.86";"11804.57";"IS";"TrailingStop";"-18.86";"28.55";"4h 3m";""
"71";"NAS100_DukasM1_Infinox";"Buy";"2015.01.19 02:10:00";"4143.96";"1.28";"2015.01.20 16:47:00";"4147.07";"2.80";"11807.38";"IS";"TrailingStop";"-31.90";"38.44";"1d 14h 37m";""
"72";"NAS100_DukasM1_Infinox";"Buy";"2015.01.20 21:42:00";"4173.99";"1.85";"2015.01.21 16:30:00";"4153.54";"-39.55";"11767.83";"IS";"TrailingStop";"-37.83";"19.59";"18h 48m";""
"73";"NAS100_DukasM1_Infinox";"Buy";"2015.01.21 17:48:00";"4186.97";"1.84";"2015.01.21 20:57:00";"4173.87";"-24.10";"11743.72";"IS";"TrailingStop";"-24.10";"44.19";"3h 9m";""
"74";"NAS100_DukasM1_Infinox";"Buy";"2015.02.03 10:20:00";"4194.67";"1.37";"2015.02.03 17:47:00";"4182.19";"-17.10";"11726.63";"IS";"TrailingStop";"-17.10";"32.89";"7h 27m";""
"75";"NAS100_DukasM1_Infinox";"Buy";"2015.02.05 21:12:00";"4248.17";"1.74";"2015.02.06 16:44:00";"4243.41";"-9.92";"11716.70";"IS";"TrailingStop";"-13.47";"30.54";"19h 32m";""
"76";"NAS100_DukasM1_Infinox";"Buy";"2015.03.13 03:41:00";"4338.30";"2.92";"2015.03.13 13:58:00";"4325.23";"-38.16";"11678.54";"IS";"TrailingStop";"-38.16";"7.88";"10h 17m";""
"77";"NAS100_DukasM1_Infinox";"Buy";"2015.03.16 15:54:00";"4347.16";"2.21";"2015.03.17 12:09:00";"4348.81";"1.51";"11680.05";"IS";"TrailingStop";"-4.29";"52.70";"20h 15m";""
"78";"NAS100_DukasM1_Infinox";"Buy";"2015.03.17 18:51:00";"4371.00";"3.43";"2015.03.18 12:25:00";"4371.17";"-2.75";"11677.30";"IS";"TrailingStop";"-10.22";"47.31";"17h 34m";""
"79";"NAS100_DukasM1_Infinox";"Buy";"2015.03.18 20:01:00";"4384.79";"4.04";"2015.03.19 10:53:00";"4423.25";"151.44";"11828.74";"IS";"TrailingStop";"-3.90";"231.12";"14h 52m";""
"80";"NAS100_DukasM1_Infinox";"Buy";"2015.03.27 21:41:00";"4339.24";"1.93";"2015.03.31 12:51:00";"4362.72";"37.87";"11866.61";"IS";"TrailingStop";"-31.64";"94.09";"3d 15h 10m";""
"81";"NAS100_DukasM1_Infinox";"Buy";"2015.04.06 17:17:00";"4328.00";"2.39";"2015.04.07 22:37:00";"4353.90";"59.60";"11926.22";"IS";"TrailingStop";"-12.64";"124.26";"1d 5h 20m";""
"82";"NAS100_DukasM1_Infinox";"Buy";"2015.04.08 21:18:00";"4379.99";"2.65";"2015.04.09 11:00:00";"4365.03";"-42.22";"11883.99";"IS";"TrailingStop";"-50.22";"18.52";"13h 42m";""
"83";"NAS100_DukasM1_Infinox";"Buy";"2015.04.20 22:19:00";"4425.00";"2.45";"2015.04.21 12:36:00";"4426.21";"0.56";"11884.55";"IS";"TrailingStop";"-21.90";"58.29";"14h 17m";""
"84";"NAS100_DukasM1_Infinox";"Buy";"2015.05.08 09:53:00";"4422.11";"1.6";"2015.05.11 22:01:00";"4436.58";"18.44";"11902.98";"IS";"TrailingStop";"-18.56";"73.17";"3d 12h 8m";""
"85";"NAS100_DukasM1_Infinox";"Buy";"2015.05.14 15:56:00";"4460.00";"1.97";"2015.05.15 17:00:00";"4487.98";"53.17";"11956.15";"IS";"TrailingStop";"-26.00";"98.50";"1d 1h 4m";""
"86";"NAS100_DukasM1_Infinox";"Buy";"2015.05.27 21:05:00";"4540.97";"2.42";"2015.05.28 16:56:00";"4525.96";"-38.77";"11917.38";"IS";"TrailingStop";"-36.32";"26.69";"19h 51m";""
"87";"NAS100_DukasM1_Infinox";"Buy";"2015.06.10 18:13:00";"4481.99";"1.94";"2015.06.11 17:38:00";"4488.22";"10.15";"11927.54";"IS";"TrailingStop";"-6.16";"56.28";"23h 25m";""
"88";"NAS100_DukasM1_Infinox";"Buy";"2015.06.17 09:05:00";"4463.00";"2.17";"2015.06.17 19:15:00";"4450.60";"-26.91";"11900.63";"IS";"TrailingStop";"-26.91";"19.52";"10h 10m";""
"89";"NAS100_DukasM1_Infinox";"Buy";"2015.06.18 16:29:00";"4482.00";"2.06";"2015.06.19 16:41:00";"4521.30";"78.91";"11979.54";"IS";"TrailingStop";"-2.40";"129.78";"1d 0h 12m";""
"90";"NAS100_DukasM1_Infinox";"Buy";"2015.07.02 15:40:00";"4449.23";"1.77";"2015.07.06 09:00:00";"4380.10";"-129.36";"11850.17";"IS";"SL";"-122.36";"0.00";"3d 17h 20m";""
"91";"NAS100_DukasM1_Infinox";"Buy";"2015.07.07 10:12:00";"4451.00";"1.75";"2015.07.07 16:04:00";"4425.30";"-44.98";"11805.20";"IS";"TrailingStop";"-44.97";"8.74";"5h 52m";""
"92";"NAS100_DukasM1_Infinox";"Buy";"2015.07.10 18:07:00";"4416.00";"1.45";"2015.07.15 21:37:00";"4525.31";"151.38";"11956.58";"IS";"TrailingStop";"-17.00";"189.22";"5d 3h 30m";""
"93";"NAS100_DukasM1_Infinox";"Buy";"2015.08.17 19:58:00";"4557.00";"1.74";"2015.08.18 20:49:00";"4540.65";"-30.21";"11926.37";"IS";"TrailingStop";"-28.45";"19.44";"1d 0h 51m";""
"94";"NAS100_DukasM1_Infinox";"Buy";"2015.08.26 22:42:00";"4208.15";"0.49";"2015.08.27 22:03:00";"4250.65";"20.37";"11946.74";"IS";"TrailingStop";"-1.57";"59.71";"23h 21m";""
"95";"NAS100_DukasM1_Infinox";"Buy";"2015.08.28 09:10:00";"4330.00";"0.61";"2015.09.01 10:46:00";"4167.83";"-101.27";"11845.47";"IS";"SL";"-98.92";"7.32";"4d 1h 36m";""
"96";"NAS100_DukasM1_Infinox";"Buy";"2015.09.03 10:19:00";"4272.00";"0.85";"2015.09.03 20:07:00";"4244.69";"-23.21";"11822.25";"IS";"TrailingStop";"-23.21";"29.00";"9h 48m";""
"97";"NAS100_DukasM1_Infinox";"Buy";"2015.09.08 09:31:00";"4240.53";"1.28";"2015.09.09 17:18:00";"4322.46";"103.66";"11925.92";"IS";"TrailingStop";"-6.43";"166.99";"1d 7h 47m";""
"98";"NAS100_DukasM1_Infinox";"Buy";"2015.09.14 09:01:00";"4327.99";"1.17";"2015.09.14 16:50:00";"4303.15";"-29.06";"11896.86";"IS";"TrailingStop";"-29.06";"24.58";"7h 49m";""
"99";"NAS100_DukasM1_Infinox";"Buy";"2015.09.15 17:45:00";"4349.00";"1.37";"2015.09.17 21:04:00";"4369.37";"25.26";"11922.12";"IS";"TrailingStop";"-13.81";"88.51";"2d 3h 19m";""
"100";"NAS100_DukasM1_Infinox";"Buy";"2015.09.25 11:20:00";"4303.28";"1.09";"2015.09.25 17:33:00";"4274.70";"-31.15";"11890.96";"IS";"TrailingStop";"-31.15";"23.79";"6h 13m";""
"101";"NAS100_DukasM1_Infinox";"Buy";"2015.10.01 09:00:00";"4219.95";"1.0";"2015.10.01 14:43:00";"4185.36";"-34.59";"11856.37";"IS";"TrailingStop";"-34.59";"16.05";"5h 43m";""
"102";"NAS100_DukasM1_Infinox";"Buy";"2015.10.02 22:09:00";"4236.00";"1.06";"2015.10.06 17:32:00";"4295.28";"58.85";"11915.22";"IS";"TrailingStop";"-2.21";"109.32";"3d 19h 23m";""
"103";"NAS100_DukasM1_Infinox";"Buy";"2015.11.17 11:45:00";"4580.50";"1.61";"2015.11.17 21:43:00";"4562.11";"-29.61";"11885.61";"IS";"TrailingStop";"-34.73";"27.48";"9h 58m";""
"104";"NAS100_DukasM1_Infinox";"Buy";"2015.11.18 16:54:00";"4597.57";"1.62";"2015.11.23 20:57:00";"4680.53";"126.12";"12011.73";"IS";"TrailingStop";"-14.04";"178.41";"5d 4h 3m";""
"105";"NAS100_DukasM1_Infinox";"Buy";"2015.12.15 16:32:00";"4615.99";"1.02";"2015.12.15 22:37:00";"4591.36";"-25.12";"11986.60";"IS";"TrailingStop";"-25.12";"21.51";"6h 5m";""
"106";"NAS100_DukasM1_Infinox";"Buy";"2015.12.16 12:41:00";"4637.08";"1.17";"2015.12.17 17:47:00";"4647.39";"10.86";"11997.46";"IS";"TrailingStop";"-68.46";"62.11";"1d 5h 6m";""
"107";"NAS100_DukasM1_Infinox";"Buy";"2015.12.22 22:22:00";"4595.05";"1.35";"2015.12.28 09:07:00";"4614.47";"17.95";"12015.41";"IS";"TrailingStop";"-24.00";"55.28";"5d 10h 45m";""
"108";"NAS100_DukasM1_Infinox";"Buy";"2015.12.29 10:12:00";"4636.00";"2.42";"2015.12.30 16:35:00";"4679.82";"103.55";"12118.96";"IS";"TrailingStop";"-2.88";"164.55";"1d 6h 23m";""
"109";"NAS100_DukasM1_Infinox";"Buy";"2016.01.13 09:55:00";"4353.00";"0.86";"2016.01.13 18:06:00";"4307.57";"-39.07";"12079.89";"IS";"TrailingStop";"-39.07";"16.34";"8h 11m";""
"110";"NAS100_DukasM1_Infinox";"Buy";"2016.01.22 09:30:00";"4200.18";"0.7";"2016.01.25 22:22:00";"4211.29";"5.82";"12085.71";"IS";"TrailingStop";"-11.37";"47.09";"3d 12h 52m";""
"111";"NAS100_DukasM1_Infinox";"Buy";"2016.01.29 16:51:00";"4226.38";"0.89";"2016.02.02 11:50:00";"4243.42";"11.82";"12097.53";"IS";"TrailingStop";"-11.13";"66.41";"3d 18h 59m";""
"112";"NAS100_DukasM1_Infinox";"Buy";"2016.02.10 12:20:00";"4008.59";"0.73";"2016.02.10 22:37:00";"3965.94";"-31.13";"12066.39";"IS";"TrailingStop";"-31.13";"26.88";"10h 17m";""
"113";"NAS100_DukasM1_Infinox";"Buy";"2016.02.15 09:00:00";"4062.41";"0.76";"2016.02.16 15:43:00";"4059.69";"-2.76";"12063.64";"IS";"TrailingStop";"-6.85";"30.49";"1d 6h 43m";""
"114";"NAS100_DukasM1_Infinox";"Buy";"2016.02.16 22:54:00";"4102.54";"1.27";"2016.02.18 17:00:00";"4184.43";"101.68";"12165.32";"IS";"TrailingStop";"-41.97";"159.56";"1d 18h 6m";""
"115";"NAS100_DukasM1_Infinox";"Buy";"2016.02.22 17:04:00";"4228.18";"1.38";"2016.02.23 09:00:00";"4197.09";"-44.20";"12121.12";"IS";"TrailingStop";"-42.90";"9.95";"15h 56m";""
"116";"NAS100_DukasM1_Infinox";"Buy";"2016.02.25 22:56:00";"4235.39";"1.54";"2016.02.26 17:03:00";"4252.93";"25.56";"12146.68";"IS";"TrailingStop";"0.00";"90.87";"18h 7m";""
"117";"NAS100_DukasM1_Infinox";"Buy";"2016.05.09 11:35:00";"4341.30";"1.8";"2016.05.11 20:26:00";"4378.07";"62.71";"12209.40";"IS";"TrailingStop";"-24.26";"120.24";"2d 8h 51m";""
"118";"NAS100_DukasM1_Infinox";"Buy";"2016.05.16 21:05:00";"4385.70";"1.68";"2016.05.17 16:38:00";"4367.08";"-32.92";"12176.48";"IS";"TrailingStop";"-31.28";"17.99";"19h 33m";""
"119";"NAS100_DukasM1_Infinox";"Buy";"2016.05.20 16:51:00";"4360.40";"1.65";"2016.05.24 09:00:00";"4346.99";"-28.52";"12147.96";"IS";"TrailingStop";"-22.13";"37.12";"3d 16h 9m";""
"120";"NAS100_DukasM1_Infinox";"Buy";"2016.05.24 15:30:00";"4382.89";"1.99";"2016.05.31 14:30:00";"4510.85";"241.07";"12389.03";"IS";"TrailingStop";"-7.91";"285.61";"6d 23h 0m";""
"121";"NAS100_DukasM1_Infinox";"Buy";"2016.06.20 16:32:00";"4431.12";"1.95";"2016.06.20 22:15:00";"4417.31";"-26.93";"12362.10";"IS";"TrailingStop";"-26.93";"27.26";"5h 43m";""
"122";"NAS100_DukasM1_Infinox";"Buy";"2016.06.23 12:07:00";"4441.89";"2.02";"2016.06.23 16:38:00";"4423.90";"-36.34";"12325.76";"IS";"TrailingStop";"-36.34";"44.66";"4h 31m";""
"123";"NAS100_DukasM1_Infinox";"Buy";"2016.06.29 10:09:00";"4309.19";"1.3";"2016.07.05 09:05:00";"4430.34";"150.03";"12475.78";"IS";"TrailingStop";"-13.45";"194.56";"5d 22h 56m";""
"124";"NAS100_DukasM1_Infinox";"Buy";"2016.07.07 10:47:00";"4456.29";"2.0";"2016.07.07 19:59:00";"4438.32";"-35.94";"12439.84";"IS";"TrailingStop";"-36.90";"22.82";"9h 12m";""
"125";"NAS100_DukasM1_Infinox";"Buy";"2016.09.15 17:08:00";"4770.89";"1.61";"2016.09.16 17:06:00";"4792.12";"32.47";"12472.32";"IS";"TrailingStop";"-8.22";"88.52";"23h 58m";""
"126";"NAS100_DukasM1_Infinox";"Buy";"2016.10.14 16:44:00";"4836.02";"1.95";"2016.10.14 18:00:00";"4836.75";"1.42";"12473.74";"IS";"Exit Signal";"-4.68";"17.26";"1h 16m";""
"127";"NAS100_DukasM1_Infinox";"Buy";"2016.10.18 15:14:00";"4844.87";"2.16";"2016.10.19 09:00:00";"4832.93";"-28.12";"12445.63";"IS";"TrailingStop";"-25.79";"35.28";"17h 46m";""
"128";"NAS100_DukasM1_Infinox";"Buy";"2016.10.21 09:17:00";"4846.54";"2.33";"2016.10.21 10:00:00";"4845.63";"-2.12";"12443.50";"IS";"Exit Signal";"-4.80";"4.89";"43m 0s";""
"129";"NAS100_DukasM1_Infinox";"Buy";"2016.11.07 10:00:00";"4733.27";"1.57";"2016.11.08 21:15:00";"4797.66";"99.44";"12542.95";"IS";"TrailingStop";"-11.77";"143.29";"1d 11h 15m";""
"130";"NAS100_DukasM1_Infinox";"Buy";"2016.11.09 18:35:00";"4824.54";"1.93";"2016.11.10 17:02:00";"4816.32";"-17.93";"12525.01";"IS";"TrailingStop";"-81.97";"114.50";"22h 27m";""
"131";"NAS100_DukasM1_Infinox";"Buy";"2016.11.15 22:02:00";"4779.37";"1.04";"2016.11.18 17:34:00";"4810.45";"29.01";"12554.02";"IS";"TrailingStop";"-44.62";"63.38";"2d 19h 32m";""
"132";"NAS100_DukasM1_Infinox";"Buy";"2016.12.06 17:02:00";"4795.26";"1.81";"2016.12.12 09:05:00";"4873.53";"130.10";"12684.12";"IS";"TrailingStop";"-57.72";"184.60";"5d 16h 3m";""
"133";"NAS100_DukasM1_Infinox";"Buy";"2017.01.04 18:56:00";"4934.28";"2.43";"2017.01.06 16:37:00";"4955.74";"46.82";"12730.94";"IS";"TrailingStop";"-30.16";"95.00";"1d 21h 41m";""
"134";"NAS100_DukasM1_Infinox";"Buy";"2017.03.28 18:49:00";"5392.84";"1.76";"2017.03.30 19:38:00";"5427.32";"56.47";"12787.40";"IS";"TrailingStop";"-2.24";"93.86";"2d 0h 49m";""
"135";"NAS100_DukasM1_Infinox";"Buy";"2017.04.18 16:58:00";"5401.37";"2.66";"2017.04.18 17:21:00";"5383.91";"-46.44";"12740.96";"IS";"TrailingStop";"-46.44";"8.51";"23m 0s";""
"136";"NAS100_DukasM1_Infinox";"Buy";"2017.05.24 22:30:00";"5725.17";"1.79";"2017.05.26 14:25:00";"5771.01";"77.50";"12818.46";"IS";"TrailingStop";"-2.33";"121.18";"1d 15h 55m";""
"137";"NAS100_DukasM1_Infinox";"Buy";"2017.06.14 12:22:00";"5760.27";"1.35";"2017.06.14 13:00:00";"5759.17";"-1.49";"12816.97";"IS";"Exit Signal";"-1.49";"4.86";"38m 0s";""
"138";"NAS100_DukasM1_Infinox";"Buy";"2017.06.19 10:26:00";"5718.97";"1.47";"2017.06.20 17:00:00";"5749.03";"42.32";"12859.29";"IS";"TrailingStop";"-16.76";"85.55";"1d 6h 34m";""
"139";"NAS100_DukasM1_Infinox";"Buy";"2017.06.21 21:38:00";"5777.17";"1.7";"2017.06.22 16:37:00";"5775.29";"-5.38";"12853.91";"IS";"TrailingStop";"-5.27";"54.06";"18h 59m";""
"140";"NAS100_DukasM1_Infinox";"Buy";"2017.07.07 19:15:00";"5663.87";"1.36";"2017.07.11 18:23:00";"5678.93";"13.63";"12867.55";"IS";"TrailingStop";"-22.44";"66.78";"3d 23h 8m";""
"141";"NAS100_DukasM1_Infinox";"Buy";"2017.07.11 22:15:00";"5712.97";"1.69";"2017.07.13 16:30:00";"5779.70";"108.48";"12976.03";"IS";"TrailingStop";"-11.32";"158.86";"1d 18h 15m";""
"142";"NAS100_DukasM1_Infinox";"Buy";"2017.08.14 17:02:00";"5891.47";"1.47";"2017.08.15 16:44:00";"5896.86";"6.00";"12982.03";"IS";"TrailingStop";"-6.76";"49.10";"23h 42m";""
"143";"NAS100_DukasM1_Infinox";"Buy";"2017.08.22 16:35:00";"5827.47";"1.51";"2017.08.23 16:13:00";"5842.69";"21.03";"13003.06";"IS";"TrailingStop";"-0.76";"76.86";"23h 38m";""
"144";"NAS100_DukasM1_Infinox";"Buy";"2017.08.25 17:01:00";"5870.57";"1.69";"2017.08.28 09:05:00";"5810.67";"-107.85";"12895.21";"IS";"SL";"-101.23";"1.35";"2d 16h 4m";""
"145";"NAS100_DukasM1_Infinox";"Buy";"2017.08.29 22:27:00";"5871.37";"1.9";"2017.08.30 15:46:00";"5862.48";"-19.37";"12875.84";"IS";"TrailingStop";"-22.99";"45.60";"17h 19m";""
"146";"NAS100_DukasM1_Infinox";"Buy";"2017.09.27 16:40:00";"5928.27";"1.67";"2017.09.28 15:14:00";"5914.06";"-25.93";"12849.91";"IS";"TrailingStop";"-51.27";"48.60";"22h 34m";""
"147";"NAS100_DukasM1_Infinox";"Buy";"2017.09.29 18:15:00";"5957.37";"1.83";"2017.10.02 18:44:00";"5978.21";"30.87";"12880.78";"IS";"TrailingStop";"-2.38";"87.29";"3d 0h 29m";""
"148";"NAS100_DukasM1_Infinox";"Buy";"2017.10.27 09:05:00";"6098.77";"1.78";"2017.10.30 18:11:00";"6212.77";"195.68";"13076.46";"IS";"TrailingStop";"-9.43";"270.20";"3d 9h 6m";""
"149";"NAS100_DukasM1_Infinox";"Buy";"2017.12.11 19:07:00";"6380.37";"0.99";"2017.12.12 16:36:00";"6372.59";"-9.11";"13067.36";"IS";"TrailingStop";"-7.70";"22.39";"21h 29m";""
"150";"NAS100_DukasM1_Infinox";"Buy";"2018.01.02 16:45:00";"6457.07";"2.35";"2018.01.04 16:43:00";"6581.87";"286.54";"13353.89";"IS";"TrailingStop";"-4.70";"354.14";"1d 23h 58m";""
"151";"NAS100_DukasM1_Infinox";"Buy";"2018.02.13 21:15:00";"6565.37";"0.42";"2018.02.14 15:31:00";"6513.48";"-22.41";"13331.49";"IS";"TrailingStop";"-21.79";"12.68";"18h 16m";""
"152";"NAS100_DukasM1_Infinox";"Buy";"2018.02.14 17:20:00";"6595.56";"0.61";"2018.02.15 17:59:00";"6680.14";"50.70";"13382.19";"IS";"TrailingStop";"-7.08";"93.82";"1d 0h 39m";""
"153";"NAS100_DukasM1_Infinox";"Buy";"2018.03.05 20:06:00";"6892.96";"0.56";"2018.03.07 09:05:00";"6830.67";"-36.60";"13345.59";"IS";"TrailingStop";"-34.88";"24.37";"1d 12h 59m";""
"154";"NAS100_DukasM1_Infinox";"Buy";"2018.03.27 10:11:00";"6815.96";"0.49";"2018.03.27 17:34:00";"6740.23";"-37.11";"13308.48";"IS";"TrailingStop";"-37.11";"6.67";"7h 23m";""
"155";"NAS100_DukasM1_Infinox";"Buy";"2018.04.04 22:43:00";"6559.17";"0.51";"2018.04.06 09:05:00";"6509.97";"-26.58";"13281.90";"IS";"TrailingStop";"-25.09";"41.31";"1d 10h 22m";""
"156";"NAS100_DukasM1_Infinox";"Buy";"2018.04.10 09:31:00";"6607.67";"0.56";"2018.04.13 17:08:00";"6650.28";"21.39";"13303.30";"IS";"TrailingStop";"-42.78";"53.03";"3d 7h 37m";""
"157";"NAS100_DukasM1_Infinox";"Buy";"2018.04.16 23:09:00";"6702.36";"1.06";"2018.04.18 16:31:00";"6814.82";"117.63";"13420.93";"IS";"TrailingStop";"-15.37";"152.85";"1d 17h 22m";""
"158";"NAS100_DukasM1_Infinox";"Buy";"2018.04.26 03:17:00";"6598.16";"0.72";"2018.04.27 16:34:00";"6726.94";"91.67";"13512.59";"IS";"TrailingStop";"-31.96";"120.90";"1d 13h 17m";""
"159";"NAS100_DukasM1_Infinox";"Buy";"2018.05.02 01:05:00";"6711.87";"1.09";"2018.05.02 16:30:00";"6683.62";"-30.79";"13481.80";"IS";"TrailingStop";"-30.85";"14.60";"15h 25m";""
"160";"NAS100_DukasM1_Infinox";"Buy";"2018.05.04 17:25:00";"6693.07";"0.91";"2018.05.07 22:21:00";"6800.97";"94.13";"13575.93";"IS";"TrailingStop";"-1.83";"139.59";"3d 4h 56m";""
"161";"NAS100_DukasM1_Infinox";"Buy";"2018.05.23 22:50:00";"6947.87";"1.77";"2018.05.24 16:45:00";"6931.86";"-31.07";"13544.86";"IS";"TrailingStop";"-54.18";"31.86";"17h 55m";""
"162";"NAS100_DukasM1_Infinox";"Buy";"2018.06.27 16:48:00";"7108.87";"1.08";"2018.06.27 18:30:00";"7069.08";"-42.97";"13501.88";"IS";"TrailingStop";"-42.97";"23.22";"1h 42m";""
"163";"NAS100_DukasM1_Infinox";"Buy";"2018.06.29 05:36:00";"7055.97";"0.91";"2018.06.29 22:50:00";"7048.12";"-7.14";"13494.74";"IS";"TrailingStop";"-7.64";"43.13";"17h 14m";""
"164";"NAS100_DukasM1_Infinox";"Buy";"2018.07.03 04:05:00";"7099.17";"1.05";"2018.07.03 16:34:00";"7101.26";"2.19";"13496.93";"IS";"TrailingStop";"-24.67";"46.71";"12h 29m";""
"165";"NAS100_DukasM1_Infinox";"Buy";"2018.07.06 07:12:00";"7107.17";"1.37";"2018.07.06 10:28:00";"7096.45";"-14.69";"13482.25";"IS";"TrailingStop";"-14.69";"39.73";"3h 16m";""
"166";"NAS100_DukasM1_Infinox";"Buy";"2018.08.01 17:19:00";"7284.17";"1.07";"2018.08.03 16:35:00";"7370.12";"88.50";"13570.75";"IS";"TrailingStop";"-84.53";"129.90";"1d 23h 16m";""
"167";"NAS100_DukasM1_Infinox";"Buy";"2018.08.20 09:45:00";"7395.77";"1.33";"2018.08.20 10:00:00";"7396.97";"1.60";"13572.35";"IS";"Exit Signal";"0.00";"6.38";"15m 0s";""
"168";"NAS100_DukasM1_Infinox";"Buy";"2018.08.21 16:51:00";"7408.57";"1.59";"2018.08.21 21:36:00";"7411.42";"4.53";"13576.88";"IS";"TrailingStop";"-15.76";"52.30";"4h 45m";""
"169";"NAS100_DukasM1_Infinox";"Buy";"2018.08.23 16:40:00";"7441.46";"1.63";"2018.08.23 18:16:00";"7426.44";"-24.48";"13552.40";"IS";"TrailingStop";"-24.48";"40.60";"1h 36m";""
"170";"NAS100_DukasM1_Infinox";"Buy";"2018.09.11 06:24:00";"7478.26";"1.42";"2018.09.11 16:32:00";"7407.18";"-100.93";"13451.46";"IS";"SL";"-100.93";"3.71";"10h 8m";""
"171";"NAS100_DukasM1_Infinox";"Buy";"2018.09.12 10:15:00";"7519.97";"1.49";"2018.09.12 14:57:00";"7504.08";"-23.68";"13427.79";"IS";"TrailingStop";"-23.68";"23.53";"4h 42m";""
"172";"NAS100_DukasM1_Infinox";"Buy";"2018.09.13 16:31:00";"7535.76";"1.23";"2018.09.14 16:30:00";"7562.53";"30.87";"13458.65";"IS";"TrailingStop";"-9.58";"71.72";"23h 59m";""
"173";"NAS100_DukasM1_Infinox";"Buy";"2018.09.20 14:23:00";"7512.67";"1.45";"2018.09.21 13:49:00";"7579.63";"94.67";"13553.33";"IS";"TrailingStop";"-1.31";"133.24";"23h 26m";""
"174";"NAS100_DukasM1_Infinox";"Buy";"2018.09.26 18:15:00";"7604.56";"1.51";"2018.09.26 22:42:00";"7589.20";"-23.19";"13530.13";"IS";"TrailingStop";"-23.19";"51.49";"4h 27m";""
"175";"NAS100_DukasM1_Infinox";"Buy";"2018.10.09 17:35:00";"7429.96";"0.79";"2018.10.10 16:35:00";"7303.32";"-101.35";"13428.78";"IS";"SL";"-100.05";"2.29";"23h 0m";""
"176";"NAS100_DukasM1_Infinox";"Buy";"2018.10.12 22:55:00";"7169.86";"0.39";"2018.10.17 15:16:00";"7294.20";"45.39";"13474.17";"IS";"TrailingStop";"-49.30";"70.05";"4d 16h 21m";""
"177";"NAS100_DukasM1_Infinox";"Buy";"2018.10.31 07:32:00";"6850.56";"0.45";"2018.11.01 16:08:00";"6938.10";"38.71";"13512.88";"IS";"TrailingStop";"-3.46";"81.00";"1d 8h 36m";""
"178";"NAS100_DukasM1_Infinox";"Buy";"2018.11.01 17:24:00";"7030.56";"0.69";"2018.11.02 01:05:00";"6998.57";"-23.15";"13489.72";"IS";"TrailingStop";"-45.60";"28.37";"7h 41m";""
"179";"NAS100_DukasM1_Infinox";"Buy";"2018.11.02 07:03:00";"7071.67";"0.68";"2018.11.02 15:06:00";"7036.49";"-23.92";"13465.80";"IS";"TrailingStop";"-23.92";"42.56";"8h 3m";""
"180";"NAS100_DukasM1_Infinox";"Buy";"2018.11.06 16:36:00";"6990.97";"0.82";"2018.11.06 18:01:00";"6958.95";"-26.26";"13439.55";"IS";"TrailingStop";"-26.26";"29.60";"1h 25m";""
"181";"NAS100_DukasM1_Infinox";"Buy";"2018.11.07 03:20:00";"7027.07";"0.81";"2018.11.08 16:34:00";"7147.56";"96.33";"13535.88";"IS";"TrailingStop";"-11.75";"154.46";"1d 13h 14m";""
"182";"NAS100_DukasM1_Infinox";"Buy";"2018.11.19 10:15:00";"6905.76";"0.64";"2018.11.19 13:40:00";"6851.17";"-34.94";"13500.94";"IS";"TrailingStop";"-34.94";"10.24";"3h 25m";""
"183";"NAS100_DukasM1_Infinox";"Buy";"2018.11.26 10:00:00";"6592.86";"0.94";"2018.11.26 16:37:00";"6594.62";"1.65";"13502.60";"IS";"TrailingStop";"0.00";"50.29";"6h 37m";""
"184";"NAS100_DukasM1_Infinox";"Buy";"2018.11.27 09:32:00";"6689.27";"0.92";"2018.11.29 17:27:00";"6855.37";"150.08";"13652.67";"IS";"TrailingStop";"-75.91";"208.84";"2d 7h 55m";""
"185";"NAS100_DukasM1_Infinox";"Buy";"2018.12.11 12:05:00";"6710.37";"0.57";"2018.12.11 18:17:00";"6725.73";"8.76";"13661.43";"IS";"TrailingStop";"-1.71";"53.35";"6h 12m";""
"186";"NAS100_DukasM1_Infinox";"Buy";"2018.12.12 15:51:00";"6803.96";"0.62";"2018.12.12 21:28:00";"6795.68";"-5.13";"13656.29";"IS";"TrailingStop";"-17.67";"39.56";"5h 37m";""
"187";"NAS100_DukasM1_Infinox";"Buy";"2018.12.19 16:56:00";"6552.37";"0.67";"2018.12.19 21:00:00";"6505.64";"-31.31";"13624.99";"IS";"TrailingStop";"-31.31";"17.96";"4h 4m";""
"188";"NAS100_DukasM1_Infinox";"Buy";"2018.12.26 22:25:00";"6166.37";"0.46";"2018.12.27 11:19:00";"6156.01";"-5.40";"13619.59";"IS";"TrailingStop";"-4.77";"57.36";"12h 54m";""
"189";"NAS100_DukasM1_Infinox";"Buy";"2018.12.27 23:00:00";"6291.07";"0.56";"2018.12.28 17:27:00";"6255.40";"-20.76";"13598.83";"IS";"TrailingStop";"-19.98";"40.54";"18h 27m";""
"190";"NAS100_DukasM1_Infinox";"Buy";"2018.12.28 21:41:00";"6363.47";"0.55";"2018.12.28 22:27:00";"6293.04";"-38.74";"13560.09";"IS";"TrailingStop";"-38.74";"14.29";"46m 0s";""
"191";"NAS100_DukasM1_Infinox";"Buy";"2019.01.02 20:30:00";"6388.76";"0.72";"2019.01.03 01:05:00";"6317.92";"-52.03";"13508.07";"IS";"TrailingStop";"-132.26";"6.34";"4h 35m";""
"192";"NAS100_DukasM1_Infinox";"Buy";"2019.01.04 17:58:00";"6370.97";"0.61";"2019.01.08 17:19:00";"6495.81";"72.70";"13580.77";"IS";"TrailingStop";"-4.21";"122.92";"3d 23h 21m";""
"193";"NAS100_DukasM1_Infinox";"Buy";"2019.01.30 19:19:00";"6744.97";"1.1";"2019.01.30 23:03:00";"6780.33";"37.25";"13618.01";"IS";"TrailingStop";"-12.11";"90.52";"3h 44m";""
"194";"NAS100_DukasM1_Infinox";"Buy";"2019.03.11 05:20:00";"7029.67";"1.16";"2019.03.12 13:06:00";"7161.29";"150.87";"13768.88";"IS";"TrailingStop";"-7.67";"195.58";"1d 7h 46m";""
"195";"NAS100_DukasM1_Infinox";"Buy";"2019.03.29 15:30:00";"7377.37";"1.01";"2019.04.01 17:10:00";"7425.26";"43.40";"13812.28";"IS";"TrailingStop";"-47.27";"84.33";"3d 1h 40m";""
"196";"NAS100_DukasM1_Infinox";"Buy";"2019.05.03 23:14:00";"7852.56";"1.14";"2019.05.06 01:05:00";"7764.43";"-100.47";"13711.81";"IS";"SL";"-172.82";"0.00";"2d 1h 51m";""
"197";"NAS100_DukasM1_Infinox";"Buy";"2019.05.15 17:27:00";"7448.96";"0.85";"2019.05.16 22:51:00";"7564.19";"96.54";"13808.35";"IS";"TrailingStop";"-1.62";"151.56";"1d 5h 24m";""
"198";"NAS100_DukasM1_Infinox";"Buy";"2019.05.28 08:22:00";"7339.77";"1.67";"2019.05.28 17:32:00";"7313.82";"-43.34";"13765.01";"IS";"TrailingStop";"-97.69";"38.08";"9h 10m";""
"199";"NAS100_DukasM1_Infinox";"Buy";"2019.06.04 20:59:00";"7149.57";"0.8";"2019.06.05 16:51:00";"7189.87";"30.97";"13795.98";"IS";"TrailingStop";"-14.56";"71.12";"19h 52m";""
"200";"NAS100_DukasM1_Infinox";"Buy";"2019.06.06 10:30:00";"7238.47";"0.89";"2019.06.06 16:54:00";"7206.98";"-28.03";"13767.96";"IS";"TrailingStop";"-28.03";"16.10";"6h 24m";""
"201";"NAS100_DukasM1_Infinox";"Buy";"2019.06.07 11:08:00";"7294.06";"1.04";"2019.06.10 20:45:00";"7523.08";"233.12";"14001.08";"IS";"TrailingStop";"-14.56";"290.89";"3d 9h 37m";""
"202";"NAS100_DukasM1_Infinox";"Buy";"2019.07.23 23:07:00";"7960.37";"1.13";"2019.07.25 16:04:00";"7984.83";"25.64";"14026.72";"IS";"TrailingStop";"-58.77";"84.30";"1d 16h 57m";""
"203";"NAS100_DukasM1_Infinox";"Buy";"2019.08.01 17:59:00";"7986.56";"0.95";"2019.08.01 20:35:00";"7880.73";"-100.54";"13926.18";"IS";"SL";"-100.54";"16.16";"2h 36m";""
"204";"NAS100_DukasM1_Infinox";"Buy";"2019.08.07 11:40:00";"7542.17";"0.57";"2019.08.07 15:08:00";"7481.82";"-34.40";"13891.78";"IS";"TrailingStop";"-34.40";"10.49";"3h 28m";""
"205";"NAS100_DukasM1_Infinox";"Buy";"2019.08.08 04:22:00";"7570.96";"0.56";"2019.08.09 01:13:00";"7658.19";"47.91";"13939.69";"IS";"TrailingStop";"-11.14";"89.77";"20h 51m";""
"206";"NAS100_DukasM1_Infinox";"Buy";"2019.08.13 16:48:00";"7699.87";"0.8";"2019.08.14 12:24:00";"7680.65";"-16.75";"13922.95";"IS";"TrailingStop";"-15.38";"64.88";"19h 36m";""
"207";"NAS100_DukasM1_Infinox";"Buy";"2019.08.16 10:34:00";"7559.86";"0.57";"2019.08.20 16:33:00";"7692.91";"72.01";"13994.95";"IS";"TrailingStop";"-13.45";"103.29";"4d 5h 59m";""
"208";"NAS100_DukasM1_Infinox";"Buy";"2019.08.21 16:06:00";"7741.07";"1.14";"2019.08.21 21:00:00";"7712.44";"-32.64";"13962.32";"IS";"TrailingStop";"-32.64";"17.33";"4h 54m";""
"209";"NAS100_DukasM1_Infinox";"Buy";"2019.08.27 15:27:00";"7618.07";"0.65";"2019.08.27 18:16:00";"7565.61";"-34.10";"13928.22";"IS";"TrailingStop";"-34.10";"15.07";"2h 49m";""
"210";"NAS100_DukasM1_Infinox";"Buy";"2019.08.29 10:12:00";"7600.16";"0.92";"2019.08.29 17:37:00";"7657.85";"53.07";"13981.29";"IS";"TrailingStop";"0.00";"108.20";"7h 25m";""
"211";"NAS100_DukasM1_Infinox";"Buy";"2019.09.04 07:40:00";"7671.07";"0.87";"2019.09.04 17:07:00";"7670.61";"-0.40";"13980.89";"IS";"TrailingStop";"-3.91";"46.37";"9h 27m";""
"212";"NAS100_DukasM1_Infinox";"Buy";"2019.10.01 03:38:00";"7770.77";"1.13";"2019.10.01 17:05:00";"7777.41";"7.50";"13988.39";"IS";"TrailingStop";"-5.88";"58.18";"13h 27m";""
"213";"NAS100_DukasM1_Infinox";"Buy";"2019.10.04 08:05:00";"7645.86";"0.9";"2019.10.04 13:44:00";"7609.47";"-32.75";"13955.64";"IS";"TrailingStop";"-32.75";"21.78";"5h 39m";""
"214";"NAS100_DukasM1_Infinox";"Buy";"2019.10.07 17:56:00";"7758.86";"0.94";"2019.10.07 21:48:00";"7734.90";"-22.52";"13933.12";"IS";"TrailingStop";"-22.52";"25.19";"3h 52m";""
"215";"NAS100_DukasM1_Infinox";"Buy";"2019.10.10 16:50:00";"7719.27";"0.78";"2019.10.10 21:08:00";"7701.97";"-13.49";"13919.63";"IS";"TrailingStop";"-13.49";"42.74";"4h 18m";""
"216";"NAS100_DukasM1_Infinox";"Buy";"2019.12.05 09:56:00";"8315.87";"1.3";"2019.12.05 11:00:00";"8307.27";"-11.18";"13908.45";"OOS1";"Exit Signal";"-21.98";"1.56";"1h 4m";""
"217";"NAS100_DukasM1_Infinox";"Buy";"2019.12.12 11:50:00";"8423.77";"1.5";"2019.12.12 18:26:00";"8442.92";"28.73";"13937.17";"OOS1";"TrailingStop";"-70.96";"102.75";"6h 36m";""
"218";"NAS100_DukasM1_Infinox";"Buy";"2020.01.30 23:01:00";"9152.00";"0.91";"2020.01.31 11:00:00";"9166.57";"13.26";"13950.43";"OOS1";"TrailingStop";"0.00";"80.23";"11h 59m";""
"219";"NAS100_DukasM1_Infinox";"Buy";"2020.02.04 14:35:00";"9240.17";"0.63";"2020.02.05 16:39:00";"9391.54";"94.07";"14044.50";"OOS1";"TrailingStop";"-12.45";"134.86";"1d 2h 4m";""
"220";"NAS100_DukasM1_Infinox";"Buy";"2020.03.02 10:09:00";"8626.40";"0.19";"2020.03.03 18:25:00";"8731.21";"19.55";"14064.05";"OOS1";"TrailingStop";"-51.11";"71.37";"1d 8h 16m";""
"221";"NAS100_DukasM1_Infinox";"Buy";"2020.03.20 09:25:00";"7518.11";"0.16";"2020.03.20 15:39:00";"7386.49";"-21.06";"14042.99";"OOS1";"TrailingStop";"-21.06";"20.34";"6h 14m";""
"222";"NAS100_DukasM1_Infinox";"Buy";"2020.03.24 10:06:00";"7328.26";"0.16";"2020.03.25 12:54:00";"7487.52";"25.22";"14068.21";"OOS1";"TrailingStop";"-14.00";"70.25";"1d 2h 48m";""
"223";"NAS100_DukasM1_Infinox";"Buy";"2020.03.25 19:46:00";"7767.32";"0.2";"2020.03.27 11:30:00";"7696.42";"-14.87";"14053.34";"OOS1";"TrailingStop";"-88.40";"28.21";"1d 15h 44m";""
"224";"NAS100_DukasM1_Infinox";"Buy";"2020.03.31 03:05:00";"7908.39";"0.26";"2020.03.31 15:08:00";"7823.34";"-22.11";"14031.23";"OOS1";"TrailingStop";"-22.11";"16.28";"12h 3m";""
"225";"NAS100_DukasM1_Infinox";"Buy";"2020.04.03 16:41:00";"7671.71";"0.36";"2020.04.07 06:32:00";"7972.61";"105.87";"14137.10";"OOS1";"TrailingStop";"-83.40";"156.74";"3d 13h 51m";""
"226";"NAS100_DukasM1_Infinox";"Buy";"2020.05.05 10:29:00";"8889.70";"0.49";"2020.05.05 11:58:00";"8839.47";"-24.61";"14112.48";"OOS1";"TrailingStop";"-24.61";"18.57";"1h 29m";""
"227";"NAS100_DukasM1_Infinox";"Buy";"2020.05.18 05:44:00";"9211.11";"0.44";"2020.05.19 11:07:00";"9333.11";"52.78";"14165.26";"OOS1";"TrailingStop";"-12.42";"92.66";"1d 5h 23m";""
"228";"NAS100_DukasM1_Infinox";"Buy";"2020.05.29 22:59:00";"9573.50";"0.53";"2020.06.01 11:23:00";"9488.89";"-48.23";"14117.04";"OOS1";"TrailingStop";"-63.85";"9.06";"2d 12h 24m";""
"229";"NAS100_DukasM1_Infinox";"Buy";"2020.06.16 02:36:00";"9849.51";"0.31";"2020.06.16 17:53:00";"9896.65";"14.61";"14131.65";"OOS1";"TrailingStop";"-0.55";"50.86";"15h 17m";""
"230";"NAS100_DukasM1_Infinox";"Buy";"2020.06.30 22:45:00";"10131.20";"0.45";"2020.07.01 14:43:00";"10086.35";"-21.20";"14110.46";"OOS1";"TrailingStop";"-20.18";"23.30";"15h 58m";""
"231";"NAS100_DukasM1_Infinox";"Buy";"2020.07.27 16:40:00";"10609.30";"0.39";"2020.07.27 18:36:00";"10534.31";"-29.25";"14081.21";"OOS1";"TrailingStop";"-29.25";"15.13";"1h 56m";""
"232";"NAS100_DukasM1_Infinox";"Buy";"2020.07.30 19:16:00";"10711.56";"0.68";"2020.07.31 16:33:00";"10842.20";"87.22";"14168.43";"OOS1";"TrailingStop";"-18.54";"161.39";"21h 17m";""
"233";"NAS100_DukasM1_Infinox";"Buy";"2020.09.10 15:46:00";"11482.09";"0.3";"2020.09.10 18:00:00";"11359.48";"-36.78";"14131.64";"OOS1";"TrailingStop";"-36.78";"26.31";"2h 14m";""
"234";"NAS100_DukasM1_Infinox";"Buy";"2020.09.14 17:28:00";"11357.09";"0.28";"2020.09.15 17:44:00";"11387.11";"7.70";"14139.34";"OOS1";"TrailingStop";"-47.60";"35.83";"1d 0h 16m";""
"235";"NAS100_DukasM1_Infinox";"Buy";"2020.09.15 19:44:00";"11485.07";"0.48";"2020.09.16 16:36:00";"11453.83";"-16.22";"14123.12";"OOS1";"TrailingStop";"-58.23";"29.89";"20h 52m";""
"236";"NAS100_DukasM1_Infinox";"Buy";"2020.09.22 02:37:00";"11017.30";"0.31";"2020.09.22 18:07:00";"10939.31";"-24.18";"14098.95";"OOS1";"TrailingStop";"-31.73";"25.63";"15h 30m";""
"237";"NAS100_DukasM1_Infinox";"Buy";"2020.09.23 11:57:00";"11207.00";"0.36";"2020.09.23 16:35:00";"11128.95";"-28.10";"14070.85";"OOS1";"TrailingStop";"-28.10";"10.91";"4h 38m";""
"238";"NAS100_DukasM1_Infinox";"Buy";"2020.09.25 18:18:00";"11030.50";"0.31";"2020.09.28 17:07:00";"11265.33";"70.52";"14141.37";"OOS1";"TrailingStop";"-15.52";"108.15";"2d 22h 49m";""
"239";"NAS100_DukasM1_Infinox";"Buy";"2020.09.30 17:21:00";"11459.09";"0.49";"2020.09.30 21:49:00";"11397.86";"-30.00";"14111.36";"OOS1";"TrailingStop";"-30.00";"37.90";"4h 28m";""
"240";"NAS100_DukasM1_Infinox";"Buy";"2020.10.08 09:03:00";"11536.96";"0.44";"2020.10.08 17:25:00";"11508.53";"-12.51";"14098.85";"OOS1";"TrailingStop";"-12.51";"24.35";"8h 22m";""
"241";"NAS100_DukasM1_Infinox";"Buy";"2020.10.26 16:03:00";"11702.10";"0.53";"2020.10.26 17:03:00";"11513.54";"-99.94";"13998.92";"OOS1";"SL";"-99.94";"2.98";"1h 0m";""
"242";"NAS100_DukasM1_Infinox";"Buy";"2020.11.03 17:01:00";"11225.52";"0.39";"2020.11.03 20:56:00";"11235.55";"3.91";"14002.83";"OOS1";"TrailingStop";"-3.39";"52.53";"3h 55m";""
"243";"NAS100_DukasM1_Infinox";"Buy";"2020.11.04 03:51:00";"11360.22";"0.39";"2020.11.04 08:45:00";"11479.69";"46.59";"14049.42";"OOS1";"TrailingStop";"-14.03";"162.68";"4h 54m";""
"244";"NAS100_DukasM1_Infinox";"Buy";"2020.11.16 01:14:00";"12054.17";"0.25";"2020.11.17 22:24:00";"11960.97";"-23.97";"14025.45";"OOS1";"TrailingStop";"-49.35";"10.36";"1d 21h 10m";""
"245";"NAS100_DukasM1_Infinox";"Buy";"2020.12.14 13:45:00";"12449.49";"0.65";"2020.12.14 14:00:00";"12443.46";"-3.92";"14021.53";"OOS1";"Exit Signal";"-5.42";"1.41";"15m 0s";""
"246";"NAS100_DukasM1_Infinox";"Buy";"2021.01.07 17:00:00";"12852.02";"0.36";"2021.01.08 20:23:00";"12963.34";"39.05";"14060.58";"OOS1";"TrailingStop";"-0.15";"80.27";"1d 3h 23m";""
"247";"NAS100_DukasM1_Infinox";"Buy";"2021.01.19 19:58:00";"12961.91";"0.54";"2021.01.21 15:52:00";"13323.79";"192.30";"14252.88";"OOS1";"TrailingStop";"0.00";"235.42";"1d 19h 54m";""
"248";"NAS100_DukasM1_Infinox";"Buy";"2021.02.02 03:53:00";"13339.87";"0.25";"2021.02.03 16:32:00";"13496.43";"38.40";"14291.28";"OOS1";"TrailingStop";"-7.43";"62.74";"1d 12h 39m";""
"249";"NAS100_DukasM1_Infinox";"Buy";"2021.02.19 15:12:00";"13719.84";"0.58";"2021.02.19 16:37:00";"13655.28";"-37.44";"14253.84";"OOS1";"TrailingStop";"-37.44";"6.53";"1h 25m";""
"250";"NAS100_DukasM1_Infinox";"Buy";"2021.02.25 01:57:00";"13338.84";"0.28";"2021.02.25 11:06:00";"13226.20";"-31.54";"14222.30";"OOS1";"TrailingStop";"-31.54";"5.76";"9h 9m";""
"251";"NAS100_DukasM1_Infinox";"Buy";"2021.03.01 09:09:00";"13096.11";"0.22";"2021.03.02 09:44:00";"13197.89";"21.75";"14244.05";"OOS1";"TrailingStop";"-12.93";"51.57";"1d 0h 35m";""
"252";"NAS100_DukasM1_Infinox";"Buy";"2021.03.09 17:23:00";"12762.82";"0.24";"2021.03.10 17:39:00";"12779.49";"3.32";"14247.37";"OOS1";"TrailingStop";"-17.66";"55.26";"1d 0h 16m";""
"253";"NAS100_DukasM1_Infinox";"Buy";"2021.03.11 11:19:00";"12993.09";"0.32";"2021.03.12 08:50:00";"12973.35";"-7.24";"14240.13";"OOS1";"TrailingStop";"-25.32";"40.74";"21h 31m";""
"254";"NAS100_DukasM1_Infinox";"Buy";"2021.03.15 22:01:00";"13093.59";"0.41";"2021.03.16 18:25:00";"13196.71";"41.09";"14281.22";"OOS1";"TrailingStop";"-14.69";"83.63";"20h 24m";""
"255";"NAS100_DukasM1_Infinox";"Buy";"2021.03.22 03:55:00";"12913.99";"0.41";"2021.03.23 03:14:00";"13059.93";"58.66";"14339.88";"OOS1";"TrailingStop";"-11.10";"104.02";"23h 19m";""
"256";"NAS100_DukasM1_Infinox";"Buy";"2021.03.26 07:56:00";"12870.40";"0.41";"2021.03.26 13:04:00";"12780.74";"-36.76";"14303.11";"OOS1";"TrailingStop";"-36.76";"8.40";"5h 8m";""
"257";"NAS100_DukasM1_Infinox";"Buy";"2021.03.29 20:03:00";"13002.71";"0.39";"2021.04.05 01:25:00";"13336.98";"122.48";"14425.59";"OOS1";"TrailingStop";"-82.64";"154.83";"6d 5h 22m";""
"258";"NAS100_DukasM1_Infinox";"BuyStop";"2021.05.04 02:00:00";"13959.59";"0.69";"2021.05.04 23:14:00";"";"";"14425.59";"OOS1";"EndTest";"";"";"21h 14m";""
"1";"NAS100_DukasM1_Infinox";"Buy";"2021.05.07 15:30:00";"13677.72";"0.57";"2021.05.07 16:31:00";"13686.94";"5.26";"14430.85";"OOS1";"TrailingStop";"0.00";"82.51";"1h 1m";""
"2";"NAS100_DukasM1_Infinox";"Buy";"2021.05.14 12:07:00";"13228.60";"0.36";"2021.05.17 14:46:00";"13319.98";"29.72";"14460.57";"OOS1";"TrailingStop";"-8.05";"80.35";"3d 2h 39m";""
"3";"NAS100_DukasM1_Infinox";"Buy";"2021.05.20 16:31:00";"13319.89";"0.41";"2021.05.21 17:37:00";"13468.62";"59.77";"14520.33";"OOS1";"TrailingStop";"0.00";"103.53";"1d 1h 6m";""
"4";"NAS100_DukasM1_Infinox";"Buy";"2021.05.24 16:40:00";"13572.41";"0.56";"2021.05.25 16:51:00";"13666.00";"50.72";"14571.06";"OOS1";"TrailingStop";"-4.61";"93.06";"1d 0h 11m";""
"5";"NAS100_DukasM1_Infinox";"Buy";"2021.06.04 16:58:00";"13707.18";"0.66";"2021.06.07 11:06:00";"13707.24";"-5.99";"14565.07";"OOS1";"TrailingStop";"-5.65";"50.04";"2d 18h 8m";""
"6";"NAS100_DukasM1_Infinox";"Buy";"2021.07.20 19:03:00";"14721.72";"0.51";"2021.07.21 02:00:00";"14742.07";"8.71";"14573.78";"OOS1";"Exit Signal";"-12.84";"35.14";"6h 57m";""
"7";"NAS100_DukasM1_Infinox";"Buy";"2021.08.04 20:06:00";"15093.79";"0.66";"2021.08.06 15:30:00";"15139.18";"25.53";"14599.31";"OOS1";"TrailingStop";"-12.23";"59.01";"1d 19h 24m";""
"8";"NAS100_DukasM1_Infinox";"Buy";"2021.08.13 17:15:00";"15130.31";"0.84";"2021.08.16 13:17:00";"15089.61";"-42.66";"14556.65";"OOS1";"TrailingStop";"-34.19";"16.92";"2d 20h 2m";""
"9";"NAS100_DukasM1_Infinox";"Buy";"2021.08.20 16:45:00";"15002.19";"0.53";"2021.08.24 14:53:00";"15334.48";"169.05";"14725.69";"OOS1";"TrailingStop";"0.00";"203.15";"3d 22h 8m";""
"10";"NAS100_DukasM1_Infinox";"Buy";"2021.09.16 22:07:00";"15524.35";"0.89";"2021.09.17 12:50:00";"15479.79";"-42.73";"14682.96";"OOS1";"TrailingStop";"-46.30";"14.24";"14h 43m";""
"11";"NAS100_DukasM1_Infinox";"Buy";"2021.09.22 18:32:00";"15170.99";"0.42";"2021.09.23 16:02:00";"15207.24";"13.81";"14696.77";"OOS1";"TrailingStop";"-29.97";"59.98";"21h 30m";""
"12";"NAS100_DukasM1_Infinox";"Buy";"2021.09.23 17:03:00";"15313.79";"0.53";"2021.09.24 09:51:00";"15264.72";"-27.81";"14668.96";"OOS1";"TrailingStop";"-26.01";"22.64";"16h 48m";""
"13";"NAS100_DukasM1_Infinox";"Buy";"2021.09.27 03:03:00";"15348.52";"0.66";"2021.09.27 11:20:00";"15342.13";"-4.22";"14664.74";"OOS1";"TrailingStop";"-4.22";"42.15";"8h 17m";""
"14";"NAS100_DukasM1_Infinox";"Buy";"2021.10.04 02:28:00";"14841.54";"0.39";"2021.10.04 16:48:00";"14585.64";"-99.80";"14564.94";"OOS1";"SL";"-99.80";"1.12";"14h 20m";""
"15";"NAS100_DukasM1_Infinox";"Buy";"2021.10.06 22:56:00";"14766.30";"0.46";"2021.10.07 22:44:00";"14909.56";"64.39";"14629.33";"OOS1";"TrailingStop";"-3.21";"112.34";"23h 48m";""
"16";"NAS100_DukasM1_Infinox";"Buy";"2021.10.14 02:40:00";"14811.19";"0.5";"2021.10.15 10:42:00";"15050.79";"118.15";"14747.49";"OOS1";"TrailingStop";"-2.14";"154.81";"1d 8h 2m";""
"17";"NAS100_DukasM1_Infinox";"Buy";"2021.11.25 08:03:00";"16418.31";"0.41";"2021.11.26 02:04:00";"16352.05";"-28.66";"14718.82";"OOS1";"TrailingStop";"-27.17";"7.34";"18h 1m";""
"18";"NAS100_DukasM1_Infinox";"Buy";"2021.11.29 20:10:00";"16419.31";"0.39";"2021.11.30 07:20:00";"16334.58";"-34.47";"14684.36";"OOS1";"TrailingStop";"-33.04";"8.90";"11h 10m";""
"19";"NAS100_DukasM1_Infinox";"Buy";"2021.12.07 06:36:00";"15896.12";"0.3";"2021.12.08 16:30:00";"16311.44";"123.54";"14807.89";"OOS1";"TrailingStop";"-3.68";"161.61";"1d 9h 54m";""
"20";"NAS100_DukasM1_Infinox";"Buy";"2021.12.15 22:20:00";"16208.97";"0.41";"2021.12.16 16:00:00";"16323.78";"45.60";"14853.49";"OOS1";"TrailingStop";"-12.98";"101.86";"17h 40m";""
"21";"NAS100_DukasM1_Infinox";"Buy";"2021.12.21 20:35:00";"15918.10";"0.32";"2021.12.28 16:07:00";"16594.55";"208.54";"15062.03";"OOS1";"TrailingStop";"-9.59";"237.66";"6d 19h 32m";""
"22";"NAS100_DukasM1_Infinox";"Buy";"2022.01.11 11:22:00";"15682.09";"0.28";"2022.01.11 16:05:00";"15586.46";"-26.78";"15035.25";"OOS1";"TrailingStop";"-26.78";"17.36";"4h 43m";""
"23";"NAS100_DukasM1_Infinox";"Buy";"2022.01.12 02:26:00";"15849.56";"0.32";"2022.01.12 10:57:00";"15774.96";"-23.87";"15011.38";"OOS1";"TrailingStop";"-23.87";"18.16";"8h 31m";""
"24";"NAS100_DukasM1_Infinox";"Buy";"2022.01.26 19:38:00";"14533.78";"0.16";"2022.01.26 21:45:00";"14324.68";"-33.46";"14977.92";"OOS1";"TrailingStop";"-33.46";"19.30";"2h 7m";""
"25";"NAS100_DukasM1_Infinox";"Buy";"2022.01.28 22:56:00";"14424.17";"0.17";"2022.02.01 16:43:00";"14828.72";"66.59";"15044.52";"OOS1";"TrailingStop";"-9.91";"94.68";"3d 17h 47m";""
"26";"NAS100_DukasM1_Infinox";"Buy";"2022.02.01 22:31:00";"14981.10";"0.31";"2022.02.02 16:30:00";"15149.52";"51.18";"15095.70";"OOS1";"TrailingStop";"-11.73";"91.51";"17h 59m";""
"27";"NAS100_DukasM1_Infinox";"Buy";"2022.02.09 05:30:00";"14798.66";"0.33";"2022.02.10 15:30:00";"14952.63";"49.72";"15145.42";"OOS1";"TrailingStop";"-9.83";"89.58";"1d 10h 0m";""
"28";"NAS100_DukasM1_Infinox";"Buy";"2022.02.15 10:23:00";"14404.00";"0.25";"2022.02.16 15:56:00";"14525.27";"29.52";"15174.94";"OOS1";"TrailingStop";"-0.38";"67.40";"1d 5h 33m";""
"29";"NAS100_DukasM1_Infinox";"Buy";"2022.02.25 14:53:00";"13987.33";"0.19";"2022.02.25 17:02:00";"13837.72";"-28.43";"15146.51";"OOS1";"TrailingStop";"-28.43";"23.51";"2h 9m";""
"30";"NAS100_DukasM1_Infinox";"Buy";"2022.02.28 17:41:00";"14203.28";"0.19";"2022.02.28 21:07:00";"14051.22";"-28.89";"15117.62";"OOS1";"TrailingStop";"-28.89";"18.10";"3h 26m";""
"31";"NAS100_DukasM1_Infinox";"Buy";"2022.03.01 09:06:00";"14298.55";"0.22";"2022.03.03 17:15:00";"14206.82";"-21.58";"15096.04";"OOS1";"TrailingStop";"-86.37";"21.00";"2d 8h 9m";""
"32";"NAS100_DukasM1_Infinox";"Buy";"2022.03.09 17:58:00";"13665.94";"0.19";"2022.03.10 13:05:00";"13567.58";"-19.27";"15076.78";"OOS1";"TrailingStop";"-18.69";"24.96";"19h 7m";""
"33";"NAS100_DukasM1_Infinox";"Buy";"2022.03.11 13:26:00";"13797.30";"0.3";"2022.03.11 16:38:00";"13663.72";"-40.07";"15036.70";"OOS1";"TrailingStop";"-40.07";"19.91";"3h 12m";""
"34";"NAS100_DukasM1_Infinox";"Buy";"2022.03.15 21:22:00";"13443.69";"0.29";"2022.03.16 19:09:00";"13690.19";"70.62";"15107.32";"OOS1";"TrailingStop";"-7.53";"123.03";"21h 47m";""
"35";"NAS100_DukasM1_Infinox";"Buy";"2022.04.14 06:48:00";"14261.18";"0.37";"2022.04.14 16:39:00";"14168.60";"-34.25";"15073.07";"OOS1";"TrailingStop";"-34.25";"10.55";"9h 51m";""
"36";"NAS100_DukasM1_Infinox";"Buy";"2022.04.19 02:52:00";"14001.40";"0.37";"2022.04.19 11:49:00";"13886.98";"-42.34";"15030.73";"OOS1";"TrailingStop";"-42.34";"5.85";"8h 57m";""
"37";"NAS100_DukasM1_Infinox";"Buy";"2022.04.20 14:50:00";"14237.92";"0.35";"2022.04.20 16:40:00";"14170.73";"-23.52";"15007.21";"OOS1";"TrailingStop";"-23.52";"19.66";"1h 50m";""
"38";"NAS100_DukasM1_Infinox";"Buy";"2022.04.26 05:37:00";"13546.10";"0.27";"2022.04.26 16:27:00";"13423.96";"-32.98";"14974.24";"OOS1";"TrailingStop";"-32.98";"8.83";"10h 50m";""
"39";"NAS100_DukasM1_Infinox";"Buy";"2022.04.28 10:12:00";"13256.20";"0.23";"2022.04.28 15:53:00";"13175.68";"-18.52";"14955.72";"OOS1";"TrailingStop";"-18.52";"20.52";"5h 41m";""
"40";"NAS100_DukasM1_Infinox";"Buy";"2022.05.03 03:33:00";"13085.42";"0.23";"2022.05.03 16:45:00";"12975.21";"-25.35";"14930.37";"OOS1";"TrailingStop";"-25.35";"19.75";"13h 12m";""
"41";"NAS100_DukasM1_Infinox";"Buy";"2022.05.04 21:00:00";"13184.30";"0.28";"2022.05.05 11:34:00";"13408.74";"62.02";"14992.39";"OOS1";"TrailingStop";"-68.20";"104.05";"14h 34m";""
"42";"NAS100_DukasM1_Infinox";"Buy";"2022.05.11 14:38:00";"12545.50";"0.23";"2022.05.11 15:55:00";"12112.06";"-99.69";"14892.70";"OOS1";"SL";"-99.69";"0.69";"1h 17m";""
"43";"NAS100_DukasM1_Infinox";"Buy";"2022.05.13 06:24:00";"12127.90";"0.2";"2022.05.16 06:19:00";"12285.57";"29.92";"14922.62";"OOS1";"TrailingStop";"-12.61";"73.34";"2d 23h 55m";""
"44";"NAS100_DukasM1_Infinox";"Buy";"2022.05.17 11:39:00";"12494.61";"0.28";"2022.05.17 17:35:00";"12388.92";"-29.59";"14893.02";"OOS1";"TrailingStop";"-29.59";"12.63";"5h 56m";""
"45";"NAS100_DukasM1_Infinox";"Buy";"2022.05.20 11:30:00";"12073.21";"0.27";"2022.05.20 19:08:00";"11702.48";"-100.10";"14792.93";"OOS1";"SL";"-100.10";"5.10";"7h 38m";""
"46";"NAS100_DukasM1_Infinox";"Buy";"2022.05.26 16:38:00";"12027.21";"0.3";"2022.05.30 16:20:00";"12766.36";"218.54";"15011.46";"OOS1";"TrailingStop";"-5.24";"255.26";"3d 23h 42m";""
"47";"NAS100_DukasM1_Infinox";"Buy";"2022.06.15 16:42:00";"11501.11";"0.3";"2022.06.15 21:06:00";"11400.18";"-30.28";"14981.19";"OOS1";"TrailingStop";"-30.28";"31.65";"4h 24m";""
"48";"NAS100_DukasM1_Infinox";"Buy";"2022.06.20 02:50:00";"11385.30";"0.3";"2022.06.21 22:57:00";"11529.07";"42.37";"15023.56";"OOS1";"TrailingStop";"-44.31";"76.51";"1d 20h 7m";""
"49";"NAS100_DukasM1_Infinox";"Buy";"2022.06.22 17:23:00";"11640.32";"0.48";"2022.06.22 19:06:00";"11539.97";"-48.17";"14975.39";"OOS1";"TrailingStop";"-48.17";"32.82";"1h 43m";""
"50";"NAS100_DukasM1_Infinox";"Buy";"2022.06.23 22:47:00";"11708.69";"0.37";"2022.06.27 16:34:00";"12087.50";"136.31";"15111.70";"OOS1";"TrailingStop";"-22.34";"191.44";"3d 17h 47m";""
"51";"NAS100_DukasM1_Infinox";"Buy";"2022.07.05 01:44:00";"11599.39";"0.32";"2022.07.05 11:15:00";"11563.59";"-11.46";"15100.24";"OOS1";"TrailingStop";"-11.46";"37.11";"9h 31m";""
"52";"NAS100_DukasM1_Infinox";"Buy";"2022.07.15 02:38:00";"11812.62";"0.35";"2022.07.18 20:33:00";"12054.97";"82.07";"15182.31";"OOS1";"TrailingStop";"-35.74";"120.61";"3d 17h 55m";""
"53";"NAS100_DukasM1_Infinox";"Buy";"2022.07.27 16:47:00";"12369.92";"0.5";"2022.07.28 11:34:00";"12481.34";"54.34";"15236.64";"OOS1";"TrailingStop";"-11.47";"147.45";"18h 47m";""
"54";"NAS100_DukasM1_Infinox";"Buy";"2022.08.25 09:16:00";"12996.39";"0.54";"2022.08.25 12:48:00";"12977.98";"-9.94";"15226.70";"OOS1";"TrailingStop";"-9.94";"39.42";"3h 32m";""
"55";"NAS100_DukasM1_Infinox";"Buy";"2022.08.26 15:31:00";"13147.91";"0.66";"2022.08.26 17:02:00";"12996.81";"-99.73";"15126.98";"OOS1";"SL";"-99.73";"38.27";"1h 31m";""
"56";"NAS100_DukasM1_Infinox";"Buy";"2022.09.02 15:31:00";"12376.68";"0.37";"2022.09.02 19:33:00";"12281.03";"-35.39";"15091.59";"OOS1";"TrailingStop";"-41.88";"28.42";"4h 2m";""
"57";"NAS100_DukasM1_Infinox";"Buy";"2022.09.07 21:03:00";"12236.39";"0.39";"2022.09.08 15:41:00";"12203.63";"-13.84";"15077.75";"OOS1";"TrailingStop";"-13.65";"34.16";"18h 38m";""
"58";"NAS100_DukasM1_Infinox";"Buy";"2022.09.08 17:56:00";"12323.99";"0.5";"2022.09.08 19:05:00";"12223.31";"-50.34";"15027.41";"OOS1";"TrailingStop";"-50.34";"26.10";"1h 9m";""
"59";"NAS100_DukasM1_Infinox";"Buy";"2022.09.09 03:30:00";"12376.20";"0.38";"2022.09.12 18:56:00";"12641.64";"97.73";"15125.14";"OOS1";"TrailingStop";"-9.25";"142.85";"3d 15h 26m";""
"60";"NAS100_DukasM1_Infinox";"Buy";"2022.09.19 22:34:00";"11961.56";"0.44";"2022.09.20 11:13:00";"11904.38";"-26.33";"15098.81";"OOS1";"TrailingStop";"-25.16";"26.51";"12h 39m";""
"61";"NAS100_DukasM1_Infinox";"Buy";"2022.09.21 21:44:00";"12021.80";"0.47";"2022.09.21 22:27:00";"11809.18";"-99.93";"14998.88";"OOS1";"SL";"-99.93";"21.21";"43m 0s";""
"62";"NAS100_DukasM1_Infinox";"Buy";"2022.09.27 16:37:00";"11474.71";"0.34";"2022.09.27 19:18:00";"11181.11";"-99.82";"14899.06";"OOS1";"SL";"-99.82";"10.38";"2h 41m";""
"63";"NAS100_DukasM1_Infinox";"Buy";"2022.09.28 22:08:00";"11505.23";"0.36";"2022.09.29 16:43:00";"11231.13";"-99.60";"14799.46";"OOS1";"SL";"-98.68";"16.04";"18h 35m";""
"64";"NAS100_DukasM1_Infinox";"Buy";"2022.10.03 21:58:00";"11296.59";"0.32";"2022.10.04 20:14:00";"11493.48";"62.20";"14861.66";"OOS1";"TrailingStop";"-24.74";"100.09";"22h 16m";""
"65";"NAS100_DukasM1_Infinox";"Buy";"2022.10.05 22:02:00";"11609.36";"0.43";"2022.10.06 10:45:00";"11546.76";"-28.03";"14833.63";"OOS1";"TrailingStop";"-26.92";"25.21";"12h 43m";""
"66";"NAS100_DukasM1_Infinox";"Buy";"2022.10.13 15:29:00";"10921.09";"0.39";"2022.10.13 15:30:00";"10664.09";"-100.23";"14733.40";"OOS1";"SL";"-100.23";"7.65";"1m 0s";""
"67";"NAS100_DukasM1_Infinox";"Buy";"2022.10.14 04:45:00";"11094.91";"0.27";"2022.10.14 11:56:00";"10954.08";"-38.02";"14695.38";"OOS1";"TrailingStop";"-38.02";"9.72";"7h 11m";""
"68";"NAS100_DukasM1_Infinox";"Buy";"2022.10.18 02:11:00";"11142.29";"0.37";"2022.10.18 18:31:00";"11067.31";"-27.74";"14667.64";"OOS1";"TrailingStop";"-27.74";"61.64";"16h 20m";""
"69";"NAS100_DukasM1_Infinox";"Buy";"2022.10.21 22:12:00";"11279.30";"0.31";"2022.10.24 10:18:00";"11289.41";"0.80";"14668.44";"OOS1";"TrailingStop";"-0.21";"62.24";"2d 12h 6m";""
"70";"NAS100_DukasM1_Infinox";"Buy";"2022.10.28 20:07:00";"11490.52";"0.32";"2022.10.31 15:33:00";"11412.55";"-27.40";"14641.04";"OOS1";"TrailingStop";"-24.95";"22.97";"2d 19h 26m";""
"71";"NAS100_DukasM1_Infinox";"Buy";"2022.11.07 13:07:00";"10935.30";"0.29";"2022.11.08 20:28:00";"11055.73";"34.22";"14675.26";"OOS1";"TrailingStop";"-35.68";"75.12";"1d 7h 21m";""
"72";"NAS100_DukasM1_Infinox";"Buy";"2022.11.10 15:31:00";"11123.91";"0.4";"2022.11.11 16:15:00";"11613.47";"194.84";"14870.09";"OOS1";"TrailingStop";"0.00";"247.03";"1d 0h 44m";""
"1";"NAS100_DukasM1_Infinox";"Buy";"2022.12.13 09:44:00";"11725.78";"0.32";"2022.12.13 17:07:00";"12037.48";"99.74";"14969.84";"OOS1";"TrailingStop";"-9.65";"155.13";"7h 23m";""
"2";"NAS100_DukasM1_Infinox";"Buy";"2022.12.21 18:02:00";"11264.49";"0.32";"2022.12.22 14:21:00";"11187.66";"-25.39";"14944.45";"OOS1";"TrailingStop";"-24.59";"7.33";"20h 19m";""
"3";"NAS100_DukasM1_Infinox";"Buy";"2022.12.29 18:54:00";"10981.80";"0.34";"2023.01.03 13:44:00";"10982.54";"-3.90";"14940.55";"OOS1";"TrailingStop";"-72.73";"34.85";"4d 18h 50m";""
"4";"NAS100_DukasM1_Infinox";"Buy";"2023.01.03 16:41:00";"11084.30";"0.35";"2023.01.03 18:31:00";"10799.43";"-99.70";"14840.85";"OOS1";"SL";"-99.70";"4.07";"1h 50m";""
"5";"NAS100_DukasM1_Infinox";"Buy";"2023.01.06 20:38:00";"10982.65";"0.31";"2023.01.09 21:48:00";"11178.88";"58.56";"14899.41";"OOS1";"TrailingStop";"-0.95";"100.55";"3d 1h 10m";""
"6";"NAS100_DukasM1_Infinox";"Buy";"2023.01.11 17:27:00";"11307.01";"0.33";"2023.01.12 15:29:00";"11350.68";"13.58";"14912.99";"OOS1";"TrailingStop";"-22.43";"51.61";"22h 2m";""
"7";"NAS100_DukasM1_Infinox";"Buy";"2023.01.23 16:45:00";"11691.40";"0.37";"2023.01.23 21:47:00";"11800.05";"40.20";"14953.19";"OOS1";"TrailingStop";"-3.62";"84.97";"5h 2m";""
"8";"NAS100_DukasM1_Infinox";"Buy";"2023.03.03 12:04:00";"12075.37";"0.37";"2023.03.06 20:38:00";"12349.35";"98.39";"15051.59";"OOS1";"TrailingStop";"-6.68";"144.94";"3d 8h 34m";""
"9";"NAS100_DukasM1_Infinox";"Buy";"2023.03.09 16:47:00";"12295.10";"0.39";"2023.03.09 19:45:00";"12222.56";"-28.29";"15023.30";"OOS1";"TrailingStop";"-28.29";"17.12";"2h 58m";""
"10";"NAS100_DukasM1_Infinox";"Buy";"2023.03.14 15:30:00";"12084.31";"0.19";"2023.03.14 21:12:00";"12038.52";"-8.70";"15014.60";"OOS1";"TrailingStop";"-8.70";"25.54";"5h 42m";""
"11";"NAS100_DukasM1_Infinox";"Buy";"2023.03.15 20:27:00";"12234.38";"0.26";"2023.03.17 16:34:00";"12518.14";"72.36";"15086.96";"OOS1";"TrailingStop";"-17.07";"113.62";"1d 20h 7m";""
"12";"NAS100_DukasM1_Infinox";"Buy";"2023.04.27 10:16:00";"12931.59";"0.38";"2023.05.01 17:22:00";"13202.94";"98.75";"15185.71";"OOS1";"TrailingStop";"-15.69";"135.74";"4d 7h 6m";""
"13";"NAS100_DukasM1_Infinox";"Buy";"2023.05.05 20:49:00";"13236.63";"0.38";"2023.05.08 16:54:00";"13197.46";"-18.24";"15167.47";"OOS1";"TrailingStop";"-14.88";"20.93";"2d 20h 5m";""
"14";"NAS100_DukasM1_Infinox";"Buy";"2023.08.10 16:59:00";"15354.39";"0.34";"2023.08.10 20:57:00";"15067.68";"-97.48";"15069.99";"OOS1";"SL";"-97.48";"4.85";"3h 58m";""
"15";"NAS100_DukasM1_Infinox";"Buy";"2023.08.15 02:00:00";"15246.46";"0.32";"2023.08.15 10:30:00";"15155.71";"-29.04";"15040.95";"OOS1";"TrailingStop";"-29.04";"5.96";"8h 30m";""
"16";"NAS100_DukasM1_Infinox";"Buy";"2023.08.21 22:05:00";"14945.19";"0.34";"2023.08.22 16:54:00";"14960.84";"4.19";"15045.14";"OOS1";"TrailingStop";"-19.02";"40.40";"18h 49m";""
"17";"NAS100_DukasM1_Infinox";"Buy";"2023.08.23 17:10:00";"15064.01";"0.37";"2023.08.24 16:31:00";"15253.14";"68.74";"15113.88";"OOS1";"TrailingStop";"-3.92";"111.03";"23h 21m";""
"18";"NAS100_DukasM1_Infinox";"Buy";"2023.08.29 08:13:00";"15086.71";"0.31";"2023.08.30 12:09:00";"15327.71";"73.67";"15187.55";"OOS1";"TrailingStop";"-23.87";"105.27";"1d 3h 56m";""
"19";"NAS100_DukasM1_Infinox";"Buy";"2023.09.11 10:24:00";"15380.60";"0.41";"2023.09.11 17:12:00";"15334.78";"-18.79";"15168.76";"OOS1";"TrailingStop";"-18.79";"22.39";"6h 48m";""
"20";"NAS100_DukasM1_Infinox";"Buy";"2023.09.14 18:07:00";"15483.10";"0.5";"2023.09.15 15:35:00";"15438.81";"-23.87";"15144.90";"OOS1";"TrailingStop";"-27.30";"18.84";"21h 28m";""
"21";"NAS100_DukasM1_Infinox";"Buy";"2023.09.28 18:30:00";"14681.31";"0.33";"2023.09.29 18:38:00";"14775.33";"29.95";"15174.85";"OOS1";"TrailingStop";"-7.78";"74.11";"1d 0h 8m";""
"22";"NAS100_DukasM1_Infinox";"Buy";"2023.10.06 18:31:00";"14814.38";"0.31";"2023.10.09 01:14:00";"14857.08";"10.18";"15185.02";"OOS1";"TrailingStop";"-3.29";"64.18";"2d 6h 43m";""
"23";"NAS100_DukasM1_Infinox";"Buy";"2023.10.09 20:43:00";"15021.40";"0.28";"2023.10.10 20:09:00";"15136.18";"31.20";"15216.23";"OOS1";"TrailingStop";"-1.03";"61.99";"23h 26m";""
"24";"NAS100_DukasM1_Infinox";"Buy";"2023.10.24 23:00:00";"14781.81";"0.29";"2023.10.25 20:02:00";"14436.65";"-101.05";"15115.18";"OOS1";"SL";"-100.10";"19.60";"21h 2m";""
"25";"NAS100_DukasM1_Infinox";"Buy";"2023.10.30 15:37:00";"14325.39";"0.29";"2023.10.30 16:20:00";"14271.17";"-15.72";"15099.45";"OOS1";"TrailingStop";"-15.72";"20.11";"43m 0s";""
"26";"NAS100_DukasM1_Infinox";"Buy";"2023.10.31 19:43:00";"14394.75";"0.33";"2023.11.06 20:19:00";"15075.63";"218.36";"15317.81";"OOS1";"TrailingStop";"-21.34";"259.10";"6d 0h 36m";""
"27";"NAS100_DukasM1_Infinox";"Buy";"2023.12.07 19:18:00";"16016.29";"0.36";"2023.12.08 18:38:00";"16002.72";"-6.17";"15311.64";"OOS1";"TrailingStop";"-52.23";"28.67";"23h 20m";""
"28";"NAS100_DukasM1_Infinox";"Buy";"2024.01.08 16:45:00";"16420.88";"0.36";"2024.01.09 13:10:00";"16557.24";"47.78";"15359.42";"OOS1";"TrailingStop";"-0.21";"83.63";"20h 25m";""
"29";"NAS100_DukasM1_Infinox";"Buy";"2024.01.18 14:46:00";"16898.36";"0.35";"2024.01.18 20:04:00";"16846.55";"-18.13";"15341.29";"OOS1";"TrailingStop";"-18.13";"26.32";"5h 18m";""
"30";"NAS100_DukasM1_Infinox";"Buy";"2024.02.22 07:26:00";"17747.42";"0.33";"2024.02.23 18:03:00";"17944.70";"63.80";"15405.09";"OOS1";"TrailingStop";"-6.45";"114.56";"1d 10h 37m";""
"31";"NAS100_DukasM1_Infinox";"Buy";"2024.03.07 20:35:00";"18315.20";"0.33";"2024.03.08 15:30:00";"18214.21";"-34.67";"15370.42";"OOS1";"TrailingStop";"-33.33";"7.19";"18h 55m";""
"32";"NAS100_DukasM1_Infinox";"Buy";"2024.03.18 15:35:00";"18090.81";"0.32";"2024.03.18 16:00:00";"18044.11";"-14.94";"15355.47";"OOS1";"Exit Signal";"-15.97";"8.13";"25m 0s";""
"33";"NAS100_DukasM1_Infinox";"Buy";"2024.03.20 20:05:00";"18135.52";"0.34";"2024.03.21 20:08:00";"18351.63";"72.11";"15427.58";"OOS1";"TrailingStop";"-31.60";"112.29";"1d 0h 3m";""
"34";"NAS100_DukasM1_Infinox";"Buy";"2024.04.09 16:31:00";"18210.71";"0.32";"2024.04.09 17:00:00";"18149.58";"-19.56";"15408.02";"OOS1";"Exit Signal";"-19.61";"0.39";"29m 0s";""
"35";"NAS100_DukasM1_Infinox";"Buy";"2024.04.11 21:07:00";"18278.92";"0.25";"2024.04.12 13:45:00";"18223.80";"-14.80";"15393.22";"OOS1";"TrailingStop";"-13.78";"14.14";"16h 38m";""
"36";"NAS100_DukasM1_Infinox";"Buy";"2024.04.23 17:20:00";"17403.30";"0.24";"2024.04.24 18:24:00";"17501.99";"22.76";"15415.98";"OOS1";"TrailingStop";"-4.72";"61.22";"1d 1h 4m";""
"37";"NAS100_DukasM1_Infinox";"Buy";"2024.04.25 23:04:00";"17658.38";"0.27";"2024.04.29 16:43:00";"17705.16";"9.45";"15425.43";"OOS1";"TrailingStop";"-31.84";"43.99";"3d 17h 39m";""
"38";"NAS100_DukasM1_Infinox";"Buy";"2024.05.03 01:16:00";"17676.12";"0.26";"2024.05.07 21:19:00";"18074.14";"99.40";"15524.83";"OOS1";"TrailingStop";"-16.55";"124.98";"4d 20h 3m";""
"39";"NAS100_DukasM1_Infinox";"Buy";"2024.06.05 05:06:00";"18703.16";"0.25";"2024.06.06 21:10:00";"18979.02";"67.93";"15592.76";"OOS1";"TrailingStop";"-12.13";"93.31";"1d 16h 4m";""
"1";"NAS100_DukasM1_Infinox";"Buy";"2024.07.23 17:21:00";"19860.72";"0.23";"2024.07.24 16:34:00";"19425.89";"-101.03";"15491.73";"OOS1";"SL";"-100.01";"11.06";"23h 13m";""
"2";"NAS100_DukasM1_Infinox";"Buy";"2024.07.31 16:08:00";"19227.28";"0.18";"2024.08.01 11:12:00";"19376.69";"26.12";"15517.86";"OOS1";"TrailingStop";"-10.62";"62.16";"19h 4m";""
"3";"NAS100_DukasM1_Infinox";"Buy";"2024.08.07 16:30:00";"18369.90";"0.11";"2024.08.07 20:02:00";"18147.73";"-24.44";"15493.42";"OOS1";"TrailingStop";"-24.44";"8.60";"3h 32m";""
"4";"NAS100_DukasM1_Infinox";"Buy";"2024.08.08 23:00:00";"18448.09";"0.12";"2024.08.09 15:35:00";"18308.97";"-17.19";"15476.23";"OOS1";"TrailingStop";"-16.69";"12.22";"16h 35m";""
"5";"NAS100_DukasM1_Infinox";"Buy";"2024.08.09 20:29:00";"18549.91";"0.16";"2024.08.14 17:10:00";"18912.68";"54.75";"15530.98";"OOS1";"TrailingStop";"-21.53";"84.16";"4d 20h 41m";""
"6";"NAS100_DukasM1_Infinox";"Buy";"2024.08.29 17:50:00";"19621.40";"0.21";"2024.08.30 02:00:00";"19374.94";"-52.67";"15478.31";"OOS1";"Exit Signal";"-72.98";"1.46";"8h 10m";""
"7";"NAS100_DukasM1_Infinox";"Buy";"2024.09.11 15:57:00";"18846.59";"0.22";"2024.09.16 15:34:00";"19415.45";"120.54";"15598.85";"OOS1";"TrailingStop";"-70.69";"156.41";"4d 23h 37m";""
"8";"NAS100_DukasM1_Infinox";"Buy";"2024.10.25 16:43:00";"20444.29";"0.28";"2024.10.25 20:34:00";"20397.89";"-12.99";"15585.86";"OOS1";"TrailingStop";"-12.99";"31.44";"3h 51m";""
"9";"NAS100_DukasM1_Infinox";"Buy";"2024.11.05 16:55:00";"20165.11";"0.25";"2024.11.08 12:40:00";"21035.97";"214.35";"15800.21";"OOS1";"TrailingStop";"-13.11";"245.44";"2d 19h 45m";""
"10";"NAS100_DukasM1_Infinox";"Buy";"2024.11.20 02:11:00";"20712.55";"0.28";"2024.11.20 03:00:00";"20722.30";"2.73";"15802.94";"OOS1";"Exit Signal";"-0.46";"8.87";"49m 0s";""
"11";"NAS100_DukasM1_Infinox";"Buy";"2024.11.21 15:31:00";"20752.83";"0.22";"2024.11.21 16:38:00";"20604.32";"-32.67";"15770.27";"OOS1";"TrailingStop";"-32.67";"15.04";"1h 7m";""
"12";"NAS100_DukasM1_Infinox";"Buy";"2024.11.29 19:50:00";"20952.21";"0.33";"2024.12.03 16:07:00";"21101.85";"43.23";"15813.50";"OOS1";"TrailingStop";"-23.21";"81.71";"3d 20h 17m";""
"13";"NAS100_DukasM1_Infinox";"Buy";"2024.12.24 15:46:00";"21553.03";"0.15";"2024.12.26 10:24:00";"21751.06";"28.27";"15841.77";"OOS1";"TrailingStop";"-1.98";"46.84";"1d 18h 38m";""
"14";"NAS100_DukasM1_Infinox";"Buy";"2025.01.03 18:46:00";"21283.94";"0.16";"2025.01.06 20:45:00";"21526.21";"36.49";"15878.26";"OOS1";"TrailingStop";"-6.42";"66.97";"3d 1h 59m";""
"15";"NAS100_DukasM1_Infinox";"Buy";"2025.01.15 15:30:00";"20979.29";"0.18";"2025.01.16 16:34:00";"21240.73";"46.22";"15924.49";"OOS1";"TrailingStop";"0.00";"75.42";"1d 1h 4m";""
"16";"NAS100_DukasM1_Infinox";"Buy";"2025.01.17 16:00:00";"21398.31";"0.2";"2025.01.21 02:51:00";"21472.05";"10.94";"15935.43";"OOS1";"TrailingStop";"-13.74";"45.74";"3d 10h 51m";""
"17";"NAS100_DukasM1_Infinox";"Buy";"2025.01.30 10:18:00";"21574.07";"0.24";"2025.01.30 17:22:00";"21432.63";"-33.95";"15901.48";"OOS1";"TrailingStop";"-33.95";"12.87";"7h 4m";""
"18";"NAS100_DukasM1_Infinox";"Buy";"2025.02.05 18:50:00";"21583.10";"0.23";"2025.02.05 19:00:00";"21608.15";"5.76";"15907.25";"OOS1";"Exit Signal";"0.00";"7.64";"10m 0s";""
"19";"NAS100_DukasM1_Infinox";"Buy";"2025.02.13 01:44:00";"21780.46";"0.26";"2025.02.13 10:30:00";"21686.69";"-24.38";"15882.87";"OOS1";"TrailingStop";"-24.38";"15.05";"8h 46m";""
"20";"NAS100_DukasM1_Infinox";"Buy";"2025.03.12 14:30:00";"19758.42";"0.11";"2025.03.17 17:34:00";"19615.23";"-18.17";"15864.70";"OOS1";"TrailingStop";"-66.69";"8.11";"5d 3h 4m";""
"21";"NAS100_DukasM1_Infinox";"Buy";"2025.03.17 20:00:00";"19832.12";"0.21";"2025.03.18 03:55:00";"19736.35";"-21.04";"15843.66";"OOS1";"TrailingStop";"-20.11";"23.51";"7h 55m";""
"22";"NAS100_DukasM1_Infinox";"Buy";"2025.03.24 02:03:00";"19911.90";"0.18";"2025.03.26 15:33:00";"20223.28";"54.46";"15898.12";"OOS1";"TrailingStop";"-3.20";"76.37";"2d 13h 30m";""
"23";"NAS100_DukasM1_Infinox";"Buy";"2025.04.02 18:25:00";"19518.32";"0.17";"2025.04.02 21:29:00";"19439.65";"-13.37";"15884.74";"OOS1";"TrailingStop";"-13.39";"33.67";"3h 4m";""
"24";"NAS100_DukasM1_Infinox";"Buy";"2025.04.08 17:28:00";"18221.73";"0.05";"2025.04.10 17:00:00";"18510.96";"14.06";"15898.80";"OOS1";"TrailingStop";"-80.76";"50.38";"1d 23h 32m";""
"25";"NAS100_DukasM1_Infinox";"Buy";"2025.04.14 07:48:00";"18969.72";"0.07";"2025.04.14 18:46:00";"18714.39";"-17.87";"15880.93";"OOS1";"TrailingStop";"-17.87";"10.11";"10h 58m";""
"26";"NAS100_DukasM1_Infinox";"Buy";"2025.04.23 01:05:00";"18601.04";"0.17";"2025.04.23 18:48:00";"18727.29";"21.46";"15902.39";"OOS1";"TrailingStop";"-15.01";"76.59";"17h 43m";""
"27";"NAS100_DukasM1_Infinox";"Buy";"2025.04.24 17:36:00";"19051.55";"0.16";"2025.04.25 13:35:00";"19158.88";"16.50";"15918.88";"OOS1";"TrailingStop";"-11.91";"53.80";"19h 59m";""
"28";"NAS100_DukasM1_Infinox";"Buy";"2025.06.20 16:28:00";"21865.49";"0.25";"2025.06.20 20:00:00";"21664.79";"-50.18";"15868.71";"OOS1";"Exit Signal";"-77.13";"10.60";"3h 32m";""
"29";"NAS100_DukasM1_Infinox";"Buy";"2025.06.24 01:05:00";"21907.90";"0.2";"2025.06.25 19:20:00";"22207.08";"58.86";"15927.57";"OOS1";"TrailingStop";"-0.75";"84.21";"1d 18h 15m";""
"30";"NAS100_DukasM1_Infinox";"Buy";"2025.08.06 21:06:00";"23287.09";"0.25";"2025.08.07 17:31:00";"23433.15";"35.22";"15962.79";"OOS1";"TrailingStop";"-2.25";"68.22";"20h 25m";""
"31";"NAS100_DukasM1_Infinox";"Buy";"2025.08.22 17:15:00";"23354.94";"0.25";"2025.08.25 13:31:00";"23390.24";"4.93";"15967.73";"OOS1";"TrailingStop";"0.00";"55.41";"2d 20h 16m";""
"32";"NAS100_DukasM1_Infinox";"Buy";"2025.08.27 21:13:00";"23576.59";"0.32";"2025.08.29 11:11:00";"23612.48";"8.13";"15975.86";"OOS1";"TrailingStop";"-47.96";"52.48";"1d 13h 58m";""
"33";"NAS100_DukasM1_Infinox";"Buy";"2025.09.03 17:43:00";"23462.32";"0.22";"2025.09.03 20:45:00";"23328.84";"-29.37";"15946.49";"OOS1";"TrailingStop";"-29.37";"4.01";"3h 2m";""
"34";"NAS100_DukasM1_Infinox";"Buy";"2025.09.04 05:08:00";"23480.53";"0.27";"2025.09.05 17:10:00";"23741.17";"68.96";"16015.46";"OOS1";"TrailingStop";"-30.15";"103.59";"1d 12h 2m";""
"35";"NAS100_DukasM1_Infinox";"Buy";"2025.10.15 17:04:00";"24867.07";"0.15";"2025.10.15 18:48:00";"24744.05";"-18.45";"15997.00";"OOS1";"TrailingStop";"-18.45";"10.82";"1h 44m";""
"36";"NAS100_DukasM1_Infinox";"Buy";"2025.10.20 16:30:00";"25003.78";"0.16";"2025.10.21 16:57:00";"25049.89";"6.49";"16003.49";"OOS1";"TrailingStop";"0.00";"32.00";"1d 0h 27m";""
"37";"NAS100_DukasM1_Infinox";"Buy";"2025.10.24 07:22:00";"25182.96";"0.19";"2025.10.29 17:47:00";"26085.12";"166.09";"16169.58";"OOS1";"TrailingStop";"-1.73";"190.14";"5d 10h 25m";""
"38";"NAS100_DukasM1_Infinox";"Buy";"2025.11.12 09:33:00";"25700.93";"0.14";"2025.11.12 16:32:00";"25588.83";"-15.69";"16153.89";"OOS1";"TrailingStop";"-15.69";"3.49";"6h 59m";""
"39";"NAS100_DukasM1_Infinox";"Buy";"2025.11.20 02:00:00";"25026.27";"0.12";"2025.11.20 18:12:00";"24953.28";"-8.76";"16145.13";"OOS1";"TrailingStop";"-10.53";"23.48";"16h 12m";""
"40";"NAS100_DukasM1_Infinox";"Buy";"2025.11.25 19:23:00";"24920.14";"0.14";"2025.12.01 02:21:00";"25331.23";"52.90";"16198.03";"OOS1";"TrailingStop";"-7.05";"78.38";"5d 6h 58m";""
"41";"NAS100_DukasM1_Infinox";"Buy";"2025.12.19 16:39:00";"25230.03";"0.17";"2025.12.22 17:36:00";"25402.63";"26.48";"16224.52";"OOS1";"TrailingStop";"-6.41";"55.54";"3d 0h 57m";""
"42";"NAS100_DukasM1_Infinox";"BuyStop";"2025.12.31 12:00:00";"25579.28";"0.43";"2025.12.31 23:13:00";"";"";"16224.52";"OOS1";"EndTest";"";"";"11h 13m";""
